timestamp,series,value,abs_z
2024-09-23 17:00:00,Eskom Gas Generation,271.566,2347.76
2025-04-22 18:00:00,Eskom Gas Generation,259.718,2245.33
2025-03-19 16:00:00,Eskom Gas Generation,241.659,2089.21
2024-03-21 17:00:00,Eskom Gas Generation,240.729,2081.17
2025-07-14 18:00:00,Eskom Gas Generation,235.912,2039.53
2024-06-18 17:00:00,Eskom Gas Generation,218.364,1887.82
2025-06-12 18:00:00,Eskom Gas Generation,216.44,1871.18
2022-08-15 18:00:00,Eskom Gas Generation,205.0,1772.28
2025-04-07 17:00:00,Eskom Gas Generation,189.051,1634.4
2022-04-11 17:00:00,Eskom Gas Generation,187.0,1616.67
2025-01-30 17:00:00,Eskom Gas Generation,186.266,1610.32
2023-06-24 18:00:00,ILS Usage,782.25,1553.31
2023-04-15 18:00:00,ILS Usage,745.0,1479.34
2023-04-11 18:00:00,ILS Usage,737.55,1464.55
2024-04-17 18:00:00,Eskom Gas Generation,165.05,1426.9
2023-04-21 18:00:00,ILS Usage,685.4,1360.99
2025-06-21 18:00:00,Eskom Gas Generation,155.863,1347.47
2023-07-10 10:00:00,Eskom Gas Generation,153.109,1323.67
2025-09-25 18:00:00,ILS Usage,633.25,1257.44
2022-07-14 18:00:00,ILS Usage,625.8,1242.65
2023-08-10 18:00:00,ILS Usage,625.8,1242.65
2023-10-24 17:00:00,Eskom Gas Generation,142.361,1230.75
2023-09-11 17:00:00,Eskom Gas Generation,135.31,1169.79
2025-10-07 18:00:00,ILS Usage,581.1,1153.89
2025-05-12 17:00:00,Eskom Gas Generation,119.355,1031.86
2024-09-30 18:00:00,ILS Usage,514.05,1020.74
2025-09-17 18:00:00,ILS Usage,514.05,1020.74
2024-01-15 19:00:00,ILS Usage,491.55,976.07
2025-10-13 18:00:00,ILS Usage,484.25,961.57
2022-05-23 17:00:00,ILS Usage,477.9,948.96
2024-08-05 18:00:00,ILS Usage,461.9,917.19
2025-02-22 07:00:00,Eskom Gas Generation,105.454,911.68
2024-06-16 18:00:00,ILS Usage,447.0,887.6
2024-04-08 17:00:00,Eskom Gas Generation,101.26,875.42
2024-07-01 18:00:00,ILS Usage,439.55,872.81
2024-11-28 19:00:00,ILS Usage,439.55,872.81
2024-03-25 18:00:00,IOS Excl ILS and MLR,510.0,869.14
2023-07-21 09:00:00,Eskom Gas Generation,100.354,867.59
2024-04-02 18:00:00,IOS Excl ILS and MLR,509.0,867.44
2024-09-30 18:00:00,IOS Excl ILS and MLR,506.0,862.32
2022-10-12 18:00:00,ILS Usage,432.1,858.02
2024-12-18 20:00:00,ILS Usage,432.1,858.02
2024-11-18 18:00:00,IOS Excl ILS and MLR,499.7,851.59
2024-05-20 18:00:00,IOS Excl ILS and MLR,497.5,847.84
2024-11-05 19:00:00,ILS Usage,424.65,843.22
2025-08-11 18:00:00,ILS Usage,424.65,843.22
2024-03-18 18:00:00,IOS Excl ILS and MLR,489.0,833.35
2024-02-26 18:00:00,IOS Excl ILS and MLR,487.0,829.94
2022-08-23 19:00:00,ILS Usage,417.2,828.43
2022-11-27 19:00:00,ILS Usage,417.2,828.43
2024-02-20 15:00:00,ILS Usage,417.2,828.43
2024-07-21 18:00:00,ILS Usage,417.2,828.43
2024-12-10 19:00:00,ILS Usage,417.2,828.43
2025-01-24 20:00:00,ILS Usage,417.2,828.43
2023-04-26 06:00:00,Eskom Gas Generation,95.666,827.06
2022-08-02 18:00:00,Eskom Gas Generation,95.0,821.3
2024-04-29 18:00:00,IOS Excl ILS and MLR,480.0,818.01
2022-07-22 18:00:00,ILS Usage,409.75,813.64
2023-04-07 18:00:00,ILS Usage,409.75,813.64
2023-05-08 05:00:00,ILS Usage,409.75,813.64
2025-01-03 20:00:00,ILS Usage,409.75,813.64
2025-11-08 18:00:00,ILS Usage,409.75,813.64
2024-05-06 18:00:00,IOS Excl ILS and MLR,477.0,812.9
2024-03-04 18:00:00,IOS Excl ILS and MLR,476.25,811.62
2022-05-11 18:00:00,ILS Usage,402.3,798.84
2023-03-27 18:00:00,ILS Usage,402.3,798.84
2023-08-26 18:00:00,ILS Usage,402.3,798.84
2024-07-17 18:00:00,ILS Usage,402.3,798.84
2024-08-14 19:00:00,ILS Usage,402.3,798.84
2025-02-05 16:00:00,ILS Usage,402.3,798.84
2025-05-22 17:00:00,ILS Usage,402.3,798.84
2025-09-11 18:00:00,ILS Usage,402.3,798.84
2023-10-17 19:00:00,ILS Usage,394.85,784.05
2025-03-11 16:00:00,ILS Usage,394.85,784.05
2025-06-11 17:00:00,ILS Usage,394.85,784.05
2024-01-29 18:00:00,IOS Excl ILS and MLR,452.0,770.3
2024-02-23 19:00:00,ILS Usage,387.4,769.26
2024-03-23 18:00:00,ILS Usage,387.4,769.26
2026-05-21 17:00:00,ILS Usage,387.4,769.26
2024-12-09 18:00:00,IOS Excl ILS and MLR,451.0,768.59
2024-02-05 18:00:00,IOS Excl ILS and MLR,449.5,766.04
2024-12-02 18:00:00,IOS Excl ILS and MLR,449.0,765.18
2022-07-01 18:00:00,ILS Usage,379.95,754.46
2024-04-23 18:00:00,ILS Usage,379.95,754.46
2024-07-05 19:00:00,ILS Usage,379.95,754.46
2024-08-19 18:00:00,ILS Usage,379.95,754.46
2026-04-25 22:00:00,IOS Excl ILS and MLR,439.55,749.08
2024-02-12 18:00:00,IOS Excl ILS and MLR,436.0,743.03
2022-12-20 19:00:00,ILS Usage,372.5,739.67
2023-04-26 05:00:00,ILS Usage,372.5,739.67
2023-11-01 18:00:00,ILS Usage,372.5,739.67
2024-03-04 19:00:00,ILS Usage,372.5,739.67
2024-07-29 18:00:00,ILS Usage,372.5,739.67
2025-01-13 18:00:00,IOS Excl ILS and MLR,434.0,739.62
2024-12-30 18:00:00,IOS Excl ILS and MLR,432.0,736.21
2024-12-17 18:00:00,IOS Excl ILS and MLR,431.7,735.7
2022-07-25 18:00:00,Eskom Gas Generation,85.0,734.85
2023-01-30 18:00:00,IOS Excl ILS and MLR,426.0,725.99
2024-02-16 20:00:00,ILS Usage,365.05,724.88
2025-02-26 17:00:00,ILS Usage,365.05,724.88
