partition,comm,processes,sensors,window,mean_precision,mean_recall
sensor,blocking,1,50,50,0.753,0.754
sensor,blocking,2,50,50,0.753,0.754
sensor,blocking,4,50,50,0.753,0.754
sensor,blocking,8,50,50,0.753,0.754
sensor,nonblocking,1,50,50,0.753,0.754
sensor,nonblocking,2,50,50,0.753,0.754
sensor,nonblocking,4,50,50,0.753,0.754
sensor,nonblocking,8,50,50,0.753,0.754
time,blocking,1,50,50,0.753,0.754
time,blocking,2,50,50,0.753,0.754
time,blocking,4,50,50,0.753,0.754
time,blocking,8,50,50,0.753,0.754
time,nonblocking,1,50,50,0.753,0.754
time,nonblocking,2,50,50,0.753,0.754
time,nonblocking,4,50,50,0.753,0.754
time,nonblocking,8,50,50,0.753,0.754
sensor,blocking,1,50,200,0.844,0.496
sensor,blocking,2,50,200,0.844,0.496
sensor,blocking,4,50,200,0.844,0.496
sensor,blocking,8,50,200,0.844,0.496
sensor,nonblocking,1,50,200,0.844,0.496
sensor,nonblocking,2,50,200,0.844,0.496
sensor,nonblocking,4,50,200,0.844,0.496
sensor,nonblocking,8,50,200,0.844,0.496
time,blocking,1,50,200,0.844,0.496
time,blocking,2,50,200,0.844,0.496
time,blocking,4,50,200,0.844,0.496
time,blocking,8,50,200,0.844,0.496
time,nonblocking,1,50,200,0.844,0.496
time,nonblocking,2,50,200,0.844,0.496
time,nonblocking,4,50,200,0.844,0.496
time,nonblocking,8,50,200,0.844,0.496
sensor,blocking,1,200,50,0.749,0.753
sensor,blocking,2,200,50,0.749,0.753
sensor,blocking,4,200,50,0.749,0.753
sensor,blocking,8,200,50,0.749,0.753
sensor,nonblocking,1,200,50,0.749,0.753
sensor,nonblocking,2,200,50,0.749,0.753
sensor,nonblocking,4,200,50,0.749,0.753
sensor,nonblocking,8,200,50,0.749,0.753
time,blocking,1,200,50,0.749,0.753
time,blocking,2,200,50,0.749,0.753
time,blocking,4,200,50,0.749,0.753
time,blocking,8,200,50,0.749,0.753
time,nonblocking,1,200,50,0.749,0.753
time,nonblocking,2,200,50,0.749,0.753
time,nonblocking,4,200,50,0.749,0.753
time,nonblocking,8,200,50,0.749,0.753
sensor,blocking,1,200,200,0.845,0.495
sensor,blocking,2,200,200,0.845,0.495
sensor,blocking,4,200,200,0.845,0.495
sensor,blocking,8,200,200,0.845,0.495
sensor,nonblocking,1,200,200,0.845,0.495
sensor,nonblocking,2,200,200,0.845,0.495
sensor,nonblocking,4,200,200,0.845,0.495
sensor,nonblocking,8,200,200,0.845,0.495
time,blocking,1,200,200,0.845,0.495
time,blocking,2,200,200,0.845,0.495
time,blocking,4,200,200,0.845,0.495
time,blocking,8,200,200,0.845,0.495
time,nonblocking,1,200,200,0.845,0.495
time,nonblocking,2,200,200,0.845,0.495
time,nonblocking,4,200,200,0.845,0.495
time,nonblocking,8,200,200,0.845,0.495
sensor,blocking,1,500,50,0.75,0.75
sensor,blocking,2,500,50,0.75,0.75
sensor,blocking,4,500,50,0.75,0.75
sensor,blocking,8,500,50,0.75,0.75
sensor,nonblocking,1,500,50,0.75,0.75
sensor,nonblocking,2,500,50,0.75,0.75
sensor,nonblocking,4,500,50,0.75,0.75
sensor,nonblocking,8,500,50,0.75,0.75
time,blocking,1,500,50,0.75,0.75
time,blocking,2,500,50,0.75,0.75
time,blocking,4,500,50,0.75,0.75
time,blocking,8,500,50,0.75,0.75
time,nonblocking,1,500,50,0.75,0.75
time,nonblocking,2,500,50,0.75,0.75
time,nonblocking,4,500,50,0.75,0.75
time,nonblocking,8,500,50,0.75,0.75
sensor,blocking,1,500,200,0.845,0.493
sensor,blocking,2,500,200,0.845,0.493
sensor,blocking,4,500,200,0.845,0.493
sensor,blocking,8,500,200,0.845,0.493
sensor,nonblocking,1,500,200,0.845,0.493
sensor,nonblocking,2,500,200,0.845,0.493
sensor,nonblocking,4,500,200,0.845,0.493
sensor,nonblocking,8,500,200,0.845,0.493
time,blocking,1,500,200,0.845,0.493
time,blocking,2,500,200,0.845,0.493
time,blocking,4,500,200,0.845,0.493
time,blocking,8,500,200,0.845,0.493
time,nonblocking,1,500,200,0.845,0.493
time,nonblocking,2,500,200,0.845,0.493
time,nonblocking,4,500,200,0.845,0.493
time,nonblocking,8,500,200,0.845,0.493
