partition,comm,processes,sensors,readings,window,trial,seed,oversubscribed,external_wall_clock,wall_time,compute_time,comm_time,comm_issue_time,comm_wait_time,comm_share_pct,overlap_compute_time,throughput,precision,recall,mismatches_vs_sequential
sensor,blocking,1,50,10000,50,1,43,0,3.5669658410000693,1.1695,1.1614,0.000286,0.000286,0.0,0.0,0.0,427524.0,0.761,0.755,0.0
sensor,blocking,1,50,10000,50,2,44,0,2.2482065479999847,1.2563,1.2484,0.000278,0.000278,0.0,0.0,0.0,397988.0,0.751,0.76,
sensor,blocking,1,50,10000,50,3,45,0,1.9818443770000158,1.066,1.062,0.000156,0.000156,0.0,0.0,0.0,469055.0,0.747,0.749,
sensor,blocking,1,50,10000,50,4,46,0,1.8608794770000259,1.078,1.0745,0.000157,0.000157,0.0,0.0,0.0,463810.0,0.756,0.763,
sensor,blocking,1,50,10000,50,5,47,0,1.878968523000026,1.0825,1.079,0.000139,0.000139,0.0,0.0,0.0,461879.0,0.75,0.743,
sensor,blocking,1,50,10000,200,1,43,0,3.024629750000031,1.0442,1.0407,0.000147,0.000147,0.0,0.0,0.0,478820.0,0.839,0.485,0.0
sensor,blocking,1,50,10000,200,2,44,0,1.8117052189999185,1.011,1.0077,0.000138,0.000138,0.0,0.0,0.0,494541.0,0.841,0.495,
sensor,blocking,1,50,10000,200,3,45,0,2.1296406600000637,1.0942,1.0896,0.000168,0.000168,0.0,0.0,0.0,456969.0,0.845,0.5,
sensor,blocking,1,50,10000,200,4,46,0,1.8487258240000983,1.0767,1.0731,0.000197,0.000197,0.0,0.0,0.0,464366.0,0.85,0.505,
sensor,blocking,1,50,10000,200,5,47,0,1.846612854,1.0706,1.0668,0.000137,0.000137,0.0,0.0,0.0,467032.0,0.843,0.496,
sensor,blocking,1,200,10000,50,1,43,0,10.092991995000034,4.2557,4.2398,0.000155,0.000155,0.0,0.0,0.0,469953.0,0.751,0.757,0.0
sensor,blocking,1,200,10000,50,2,44,0,5.177942634000033,4.1662,4.15,0.000136,0.000136,0.0,0.0,0.0,480049.0,0.748,0.748,
sensor,blocking,1,200,10000,50,3,45,0,5.243151537000017,4.1759,4.1601,0.000154,0.000154,0.0,0.0,0.0,478937.0,0.749,0.748,
sensor,blocking,1,200,10000,50,4,46,0,5.39996132400006,4.3399,4.3236,0.000149,0.000149,0.0,0.0,0.0,460837.0,0.749,0.759,
sensor,blocking,1,200,10000,50,5,47,0,5.236190805999968,4.1796,4.1642,0.000135,0.000135,0.0,0.0,0.0,478516.0,0.75,0.752,
sensor,blocking,1,200,10000,200,1,43,0,9.838598837999939,4.0751,4.0591,0.000167,0.000167,0.0,0.0,0.0,490781.0,0.846,0.493,0.0
sensor,blocking,1,200,10000,200,2,44,0,5.318762749999905,4.2596,4.2423,0.000144,0.000144,0.0,0.0,0.0,469531.0,0.844,0.498,
sensor,blocking,1,200,10000,200,3,45,0,5.39468965399999,4.2834,4.2645,0.000173,0.000173,0.0,0.0,0.0,466923.0,0.842,0.489,
sensor,blocking,1,200,10000,200,4,46,0,5.2479402479999635,4.1874,4.1709,0.000155,0.000155,0.0,0.0,0.0,477620.0,0.851,0.5,
sensor,blocking,1,200,10000,200,5,47,0,5.416867412999977,4.333,4.3151,0.000152,0.000152,0.0,0.0,0.0,461574.0,0.844,0.495,
sensor,blocking,1,500,10000,50,1,43,0,24.02631429500002,10.703,10.6306,0.000223,0.000223,0.0,0.0,0.0,467159.0,0.753,0.751,0.0
sensor,blocking,1,500,10000,50,2,44,0,12.496684181999967,10.7278,10.6666,0.000158,0.000158,0.0,0.0,0.0,466081.0,0.748,0.747,
sensor,blocking,1,500,10000,50,3,45,0,12.092095687999972,10.4743,10.4232,0.000134,0.000134,0.0,0.0,0.0,477358.0,0.75,0.75,
sensor,blocking,1,500,10000,50,4,46,0,12.825415184000008,11.1818,11.1231,0.000236,0.000236,0.0,0.0,0.0,447156.0,0.75,0.751,
sensor,blocking,1,500,10000,50,5,47,0,12.824965496000004,11.0787,11.0203,0.000281,0.000281,0.0,0.0,0.0,451316.0,0.749,0.75,
sensor,blocking,1,500,10000,200,1,43,0,24.162055407000025,10.7072,10.6401,0.000142,0.000142,0.0,0.0,0.0,466978.0,0.846,0.494,0.0
sensor,blocking,1,500,10000,200,2,44,0,12.504019422000056,10.8707,10.8008,0.000138,0.000138,0.0,0.0,0.0,459953.0,0.845,0.492,
sensor,blocking,1,500,10000,200,3,45,0,12.34365007000008,10.6332,10.572,0.000148,0.000148,0.0,0.0,0.0,470226.0,0.846,0.494,
sensor,blocking,1,500,10000,200,4,46,0,12.341671118999898,10.642,10.5888,0.000176,0.000176,0.0,0.0,0.0,469836.0,0.841,0.492,
sensor,blocking,1,500,10000,200,5,47,0,12.439262061000136,10.8027,10.7456,0.000172,0.000172,0.0,0.0,0.0,462846.0,0.845,0.493,
sensor,blocking,2,50,10000,50,1,43,0,2.518753224999955,0.5776,0.575,0.012222,0.012222,0.0,2.1,0.0,865586.0,0.761,0.755,0.0
sensor,blocking,2,50,10000,50,2,44,0,1.3689696550000008,0.5988,0.5893,0.007645,0.007645,0.0,1.3,0.0,835031.0,0.751,0.76,
sensor,blocking,2,50,10000,50,3,45,0,1.321538099999998,0.5522,0.5475,0.011006,0.011006,0.0,2.0,0.0,905438.0,0.747,0.749,
sensor,blocking,2,50,10000,50,4,46,0,1.304976920999934,0.5793,0.5755,0.024187,0.024187,0.0,4.2,0.0,863069.0,0.756,0.763,
sensor,blocking,2,50,10000,50,5,47,0,1.3356909470001028,0.5778,0.5744,0.010444,0.010444,0.0,1.8,0.0,865355.0,0.75,0.743,
sensor,blocking,2,50,10000,200,1,43,0,2.8534535329999926,0.754,0.7432,0.017932,0.017932,0.0,2.4,0.0,663171.0,0.839,0.485,0.0
sensor,blocking,2,50,10000,200,2,44,0,1.3736990539998715,0.5689,0.5647,0.007296,0.007296,0.0,1.3,0.0,878962.0,0.841,0.495,
sensor,blocking,2,50,10000,200,3,45,0,1.379722614000002,0.6,0.594,0.009008,0.009008,0.0,1.5,0.0,833330.0,0.845,0.5,
sensor,blocking,2,50,10000,200,4,46,0,1.3812353570001505,0.6322,0.629,0.008468,0.008468,0.0,1.3,0.0,790846.0,0.85,0.505,
sensor,blocking,2,50,10000,200,5,47,0,1.4452213659999416,0.6789,0.6738,0.014032,0.014032,0.0,2.1,0.0,736496.0,0.843,0.496,
sensor,blocking,2,200,10000,50,1,43,0,8.335810042000048,2.5204,2.5058,0.092467,0.092467,0.0,3.7,0.0,793531.0,0.751,0.757,0.0
sensor,blocking,2,200,10000,50,2,44,0,3.5301881529999264,2.4129,2.4004,0.088702,0.088702,0.0,3.7,0.0,828863.0,0.748,0.748,
sensor,blocking,2,200,10000,50,3,45,0,3.472155432999898,2.3651,2.3503,0.020382,0.020382,0.0,0.9,0.0,845614.0,0.749,0.748,
sensor,blocking,2,200,10000,50,4,46,0,3.4971455689999402,2.428,2.4021,0.017251,0.017251,0.0,0.7,0.0,823734.0,0.749,0.759,
sensor,blocking,2,200,10000,50,5,47,0,3.5117257740000696,2.3964,2.3852,0.070612,0.070612,0.0,2.9,0.0,834592.0,0.75,0.752,
sensor,blocking,2,200,10000,200,1,43,0,8.10545186100012,2.3844,2.3733,0.004045,0.004045,0.0,0.2,0.0,838795.0,0.846,0.493,0.0
sensor,blocking,2,200,10000,200,2,44,0,3.5064440660000855,2.4094,2.3942,0.0223,0.0223,0.0,0.9,0.0,830088.0,0.844,0.498,
sensor,blocking,2,200,10000,200,3,45,0,3.448207572000001,2.3955,2.3829,0.068338,0.068338,0.0,2.9,0.0,834898.0,0.842,0.489,
sensor,blocking,2,200,10000,200,4,46,0,3.502383606000194,2.4064,2.3957,0.076107,0.076107,0.0,3.2,0.0,831104.0,0.851,0.5,
sensor,blocking,2,200,10000,200,5,47,0,3.415622649999932,2.3588,2.3415,0.027428,0.027428,0.0,1.2,0.0,847893.0,0.844,0.495,
sensor,blocking,2,500,10000,50,1,43,0,20.362978531999943,6.1608,6.1025,0.03229,0.03229,0.0,0.5,0.0,811587.0,0.753,0.751,0.0
sensor,blocking,2,500,10000,50,2,44,0,8.058631073000015,6.1016,6.0223,0.044191,0.044191,0.0,0.7,0.0,819463.0,0.748,0.747,
sensor,blocking,2,500,10000,50,3,45,0,7.732811781000009,5.8551,5.7607,0.036636,0.036636,0.0,0.6,0.0,853954.0,0.75,0.75,
sensor,blocking,2,500,10000,50,4,46,0,7.821935914000051,6.0871,6.0254,0.158862,0.158862,0.0,2.6,0.0,821411.0,0.75,0.751,
sensor,blocking,2,500,10000,50,5,47,0,7.903026238999928,5.9273,5.8359,0.138231,0.138231,0.0,2.3,0.0,843548.0,0.749,0.75,
sensor,blocking,2,500,10000,200,1,43,0,20.131599170000072,6.0956,6.0335,0.183046,0.183046,0.0,3.0,0.0,820259.0,0.846,0.494,0.0
sensor,blocking,2,500,10000,200,2,44,0,7.7462491659998705,5.8791,5.8209,0.20079,0.20079,0.0,3.4,0.0,850468.0,0.845,0.492,
sensor,blocking,2,500,10000,200,3,45,0,7.803392563999978,6.0353,5.9656,0.181482,0.181482,0.0,3.0,0.0,828457.0,0.846,0.494,
sensor,blocking,2,500,10000,200,4,46,0,7.809857316000034,5.9459,5.885,0.040327,0.040327,0.0,0.7,0.0,840912.0,0.841,0.492,
sensor,blocking,2,500,10000,200,5,47,0,7.830342963000021,5.9038,5.848,0.203148,0.203148,0.0,3.4,0.0,846908.0,0.845,0.493,
sensor,blocking,4,50,10000,50,1,43,0,2.3364480160000767,0.3419,0.3224,0.06959,0.06959,0.0,20.4,0.0,1462352.0,0.761,0.755,0.0
sensor,blocking,4,50,10000,50,2,44,0,1.2416585299999952,0.3882,0.3613,0.067255,0.067255,0.0,17.3,0.0,1287985.0,0.751,0.76,
sensor,blocking,4,50,10000,50,3,45,0,1.2572888360000434,0.4082,0.3667,0.054233,0.054233,0.0,13.3,0.0,1224951.0,0.747,0.749,
sensor,blocking,4,50,10000,50,4,46,0,1.360306090999984,0.4367,0.4138,0.052412,0.052412,0.0,12.0,0.0,1144835.0,0.756,0.763,
sensor,blocking,4,50,10000,50,5,47,0,1.2269565470000998,0.3905,0.3879,0.084222,0.084222,0.0,21.6,0.0,1280535.0,0.75,0.743,
sensor,blocking,4,50,10000,200,1,43,0,2.370287064999957,0.3561,0.3184,0.060098,0.060098,0.0,16.9,0.0,1404064.0,0.839,0.485,0.0
sensor,blocking,4,50,10000,200,2,44,0,1.175200779000079,0.357,0.3375,0.077435,0.077435,0.0,21.7,0.0,1400595.0,0.841,0.495,
sensor,blocking,4,50,10000,200,3,45,0,1.200040946999934,0.3704,0.3608,0.076903,0.076903,0.0,20.8,0.0,1349941.0,0.845,0.5,
sensor,blocking,4,50,10000,200,4,46,0,1.165836951000074,0.3272,0.3163,0.051857,0.051857,0.0,15.8,0.0,1528109.0,0.85,0.505,
sensor,blocking,4,50,10000,200,5,47,0,1.2283554089999598,0.3829,0.3715,0.049141,0.049141,0.0,12.8,0.0,1305832.0,0.843,0.496,
sensor,blocking,4,200,10000,50,1,43,0,7.421244433999846,1.3837,1.3004,0.164656,0.164656,0.0,11.9,0.0,1445412.0,0.751,0.757,0.0
sensor,blocking,4,200,10000,50,2,44,0,2.8490291709999838,1.4209,1.3602,0.113135,0.113135,0.0,8.0,0.0,1407515.0,0.748,0.748,
sensor,blocking,4,200,10000,50,3,45,0,2.713573796999981,1.4555,1.4197,0.143263,0.143263,0.0,9.8,0.0,1374115.0,0.749,0.748,
sensor,blocking,4,200,10000,50,4,46,0,2.485275083000033,1.316,1.3032,0.081635,0.081635,0.0,6.2,0.0,1519783.0,0.749,0.759,
sensor,blocking,4,200,10000,50,5,47,0,2.8100216870000168,1.5043,1.4598,0.177505,0.177505,0.0,11.8,0.0,1329510.0,0.75,0.752,
sensor,blocking,4,200,10000,200,1,43,0,7.342356575999929,1.3769,1.3205,0.16975,0.16975,0.0,12.3,0.0,1452559.0,0.846,0.493,0.0
sensor,blocking,4,200,10000,200,2,44,0,2.5610807220000424,1.3389,1.2647,0.160935,0.160935,0.0,12.0,0.0,1493793.0,0.844,0.498,
sensor,blocking,4,200,10000,200,3,45,0,2.5757931260000078,1.3935,1.3094,0.133942,0.133942,0.0,9.6,0.0,1435220.0,0.842,0.489,
sensor,blocking,4,200,10000,200,4,46,0,2.717082829999981,1.4714,1.3971,0.184044,0.184044,0.0,12.5,0.0,1359221.0,0.851,0.5,
sensor,blocking,4,200,10000,200,5,47,0,2.7249202759999207,1.4817,1.3736,0.151419,0.151419,0.0,10.2,0.0,1349757.0,0.844,0.495,
sensor,blocking,4,500,10000,50,1,43,0,17.405027518999987,3.6123,3.4157,0.259941,0.259941,0.0,7.2,0.0,1384173.0,0.753,0.751,0.0
sensor,blocking,4,500,10000,50,2,44,0,5.636739680999881,3.3777,3.2585,0.291436,0.291436,0.0,8.6,0.0,1480279.0,0.748,0.747,
sensor,blocking,4,500,10000,50,3,45,0,5.5927165660000355,3.5259,3.3932,0.362318,0.362318,0.0,10.3,0.0,1418071.0,0.75,0.75,
sensor,blocking,4,500,10000,50,4,46,0,5.638906037999959,3.4619,3.3844,0.186584,0.186584,0.0,5.4,0.0,1444299.0,0.75,0.751,
sensor,blocking,4,500,10000,50,5,47,0,5.416344608999907,3.3054,3.2201,0.21924,0.21924,0.0,6.6,0.0,1512668.0,0.749,0.75,
sensor,blocking,4,500,10000,200,1,43,0,17.574571493999883,3.5926,3.4273,0.395648,0.395648,0.0,11.0,0.0,1391740.0,0.846,0.494,0.0
sensor,blocking,4,500,10000,200,2,44,0,5.7278498390001005,3.4907,3.441,0.279067,0.279067,0.0,8.0,0.0,1432384.0,0.845,0.492,
sensor,blocking,4,500,10000,200,3,45,0,5.723677766000037,3.4184,3.295,0.199693,0.199693,0.0,5.8,0.0,1462662.0,0.846,0.494,
sensor,blocking,4,500,10000,200,4,46,0,6.068795848000036,3.8405,3.7142,0.276911,0.276911,0.0,7.2,0.0,1301908.0,0.841,0.492,
sensor,blocking,4,500,10000,200,5,47,0,5.772788241999933,3.4167,3.3168,0.213397,0.213397,0.0,6.2,0.0,1463390.0,0.845,0.493,
sensor,blocking,8,50,10000,50,1,43,0,2.526384710000002,0.2638,0.2248,0.084322,0.084322,0.0,32.0,0.0,1895369.0,0.761,0.755,0.0
sensor,blocking,8,50,10000,50,2,44,0,1.4385175160000472,0.2685,0.222,0.086352,0.086352,0.0,32.2,0.0,1861980.0,0.751,0.76,
sensor,blocking,8,50,10000,50,3,45,0,1.324731995999855,0.259,0.2382,0.071866,0.071866,0.0,27.7,0.0,1930153.0,0.747,0.749,
sensor,blocking,8,50,10000,50,4,46,0,1.348417378000022,0.2738,0.2641,0.098826,0.098826,0.0,36.1,0.0,1825834.0,0.756,0.763,
sensor,blocking,8,50,10000,50,5,47,0,1.355516378999937,0.2629,0.2348,0.065686,0.065686,0.0,25.0,0.0,1901746.0,0.75,0.743,
sensor,blocking,8,50,10000,200,1,43,0,2.4842175560002033,0.2652,0.2529,0.063939,0.063939,0.0,24.1,0.0,1885360.0,0.839,0.485,0.0
sensor,blocking,8,50,10000,200,2,44,0,1.2449807999998939,0.2513,0.2259,0.068086,0.068086,0.0,27.1,0.0,1989909.0,0.841,0.495,
sensor,blocking,8,50,10000,200,3,45,0,1.2933173549999992,0.2675,0.254,0.065882,0.065882,0.0,24.6,0.0,1869198.0,0.845,0.5,
sensor,blocking,8,50,10000,200,4,46,0,1.2637048779999986,0.2585,0.2457,0.054084,0.054084,0.0,20.9,0.0,1934505.0,0.85,0.505,
sensor,blocking,8,50,10000,200,5,47,0,1.2785277039999983,0.2792,0.2607,0.080958,0.080958,0.0,29.0,0.0,1790722.0,0.843,0.496,
sensor,blocking,8,200,10000,50,1,43,0,8.08743636700001,1.0191,0.9599,0.214001,0.214001,0.0,21.0,0.0,1962533.0,0.751,0.757,0.0
sensor,blocking,8,200,10000,50,2,44,0,2.8852779129999817,0.9576,0.907,0.137439,0.137439,0.0,14.4,0.0,2088542.0,0.748,0.748,
sensor,blocking,8,200,10000,50,3,45,0,2.710475337999924,0.9382,0.8832,0.13518,0.13518,0.0,14.4,0.0,2131634.0,0.749,0.748,
sensor,blocking,8,200,10000,50,4,46,0,2.6209644809998736,0.9731,0.9224,0.190575,0.190575,0.0,19.6,0.0,2055206.0,0.749,0.759,
sensor,blocking,8,200,10000,50,5,47,0,2.617430787999865,0.9746,0.9122,0.182729,0.182729,0.0,18.7,0.0,2052169.0,0.75,0.752,
sensor,blocking,8,200,10000,200,1,43,0,7.806980102000125,0.9749,0.8675,0.189237,0.189237,0.0,19.4,0.0,2051423.0,0.846,0.493,0.0
sensor,blocking,8,200,10000,200,2,44,0,2.761963331000061,0.9798,0.9098,0.136267,0.136267,0.0,13.9,0.0,2041218.0,0.844,0.498,
sensor,blocking,8,200,10000,200,3,45,0,2.776048504000073,0.9799,0.9085,0.142017,0.142017,0.0,14.5,0.0,2040982.0,0.842,0.489,
sensor,blocking,8,200,10000,200,4,46,0,2.8652253279999513,0.9721,0.9078,0.157496,0.157496,0.0,16.2,0.0,2057428.0,0.851,0.5,
sensor,blocking,8,200,10000,200,5,47,0,2.8945293039998887,1.0068,0.9684,0.18154,0.18154,0.0,18.0,0.0,1986540.0,0.844,0.495,
sensor,blocking,8,500,10000,50,1,43,0,19.338646261999884,2.4541,2.331,0.368981,0.368981,0.0,15.0,0.0,2037392.0,0.753,0.751,0.0
sensor,blocking,8,500,10000,50,2,44,0,5.922891908000111,2.3972,2.293,0.29076,0.29076,0.0,12.1,0.0,2085789.0,0.748,0.747,
sensor,blocking,8,500,10000,50,3,45,0,5.942572854000218,2.5387,2.3919,0.347228,0.347228,0.0,13.7,0.0,1969547.0,0.75,0.75,
sensor,blocking,8,500,10000,50,4,46,0,5.518855051999935,2.4328,2.2066,0.339335,0.339335,0.0,13.9,0.0,2055271.0,0.75,0.751,
sensor,blocking,8,500,10000,50,5,47,0,5.557816644000013,2.3147,2.1472,0.218931,0.218931,0.0,9.5,0.0,2160071.0,0.749,0.75,
sensor,blocking,8,500,10000,200,1,43,0,19.30448573500007,2.4661,2.3171,0.351566,0.351566,0.0,14.3,0.0,2027486.0,0.846,0.494,0.0
sensor,blocking,8,500,10000,200,2,44,0,5.916173439999966,2.6768,2.4851,0.324916,0.324916,0.0,12.1,0.0,1867868.0,0.845,0.492,
sensor,blocking,8,500,10000,200,3,45,0,5.95888358000002,2.6548,2.5392,0.29402,0.29402,0.0,11.1,0.0,1883363.0,0.846,0.494,
sensor,blocking,8,500,10000,200,4,46,0,5.5203700510001,2.3258,2.1944,0.250976,0.250976,0.0,10.8,0.0,2149759.0,0.841,0.492,
sensor,blocking,8,500,10000,200,5,47,0,5.908984593000014,2.5629,2.3876,0.320493,0.320493,0.0,12.5,0.0,1950908.0,0.845,0.493,
sensor,nonblocking,1,50,10000,50,1,43,0,3.178409739000017,1.0695,1.0659,0.000213,0.000165,4.8e-05,0.0,1.06592,467509.0,0.761,0.755,0.0
sensor,nonblocking,1,50,10000,50,2,44,0,1.8962442710001142,1.1205,1.1149,0.000316,0.000215,0.000101,0.0,1.114894,446233.0,0.751,0.76,
sensor,nonblocking,1,50,10000,50,3,45,0,2.0282335669999156,1.0145,1.0091,0.000218,0.00017,4.8e-05,0.0,1.009093,492866.0,0.747,0.749,
sensor,nonblocking,1,50,10000,50,4,46,0,1.9186509869998645,1.0784,1.0746,0.000199,0.000157,4.2e-05,0.0,1.074621,463637.0,0.756,0.763,
sensor,nonblocking,1,50,10000,50,5,47,0,1.9599277210002128,1.0906,1.0867,0.000191,0.000138,5.3e-05,0.0,1.086656,458482.0,0.75,0.743,
sensor,nonblocking,1,50,10000,200,1,43,0,3.131026357999872,1.0972,1.0929,0.000196,0.00014,5.6e-05,0.0,1.092892,455724.0,0.839,0.485,0.0
sensor,nonblocking,1,50,10000,200,2,44,0,1.856928969000137,1.0986,1.0948,0.000186,0.000143,4.2e-05,0.0,1.09485,455136.0,0.841,0.495,
sensor,nonblocking,1,50,10000,200,3,45,0,1.86051390800003,1.102,1.0984,0.000184,0.000139,4.5e-05,0.0,1.098436,453739.0,0.845,0.5,
sensor,nonblocking,1,50,10000,200,4,46,0,1.8866401610000594,1.0776,1.0738,0.000203,0.000153,5e-05,0.0,1.073827,463987.0,0.85,0.505,
sensor,nonblocking,1,50,10000,200,5,47,0,1.9191725499999848,1.1336,1.1289,0.000213,0.00016,5.2e-05,0.0,1.128913,441080.0,0.843,0.496,
sensor,nonblocking,1,200,10000,50,1,43,0,10.087948000000097,4.3106,4.2945,0.000212,0.000167,4.4e-05,0.0,4.294549,463976.0,0.751,0.757,0.0
sensor,nonblocking,1,200,10000,50,2,44,0,5.572183708000011,4.5115,4.491,0.000433,0.000373,6e-05,0.0,4.490953,443307.0,0.748,0.748,
sensor,nonblocking,1,200,10000,50,3,45,0,5.2499379099999715,4.2717,4.2546,0.000201,0.000149,5.2e-05,0.0,4.254556,468193.0,0.749,0.748,
sensor,nonblocking,1,200,10000,50,4,46,0,5.415025237000009,4.3543,4.3383,0.000198,0.000154,4.4e-05,0.0,4.338268,459313.0,0.749,0.759,
sensor,nonblocking,1,200,10000,50,5,47,0,5.437243935000197,4.422,4.4019,0.000237,0.000187,5e-05,0.0,4.40185,452282.0,0.75,0.752,
sensor,nonblocking,1,200,10000,200,1,43,0,9.978268220000018,4.1663,4.1507,0.000212,0.000158,5.4e-05,0.0,4.150718,480046.0,0.846,0.493,0.0
sensor,nonblocking,1,200,10000,200,2,44,0,5.427156752999963,4.3413,4.3219,0.000216,0.000162,5.4e-05,0.0,4.321879,460691.0,0.844,0.498,
sensor,nonblocking,1,200,10000,200,3,45,0,5.381794473000127,4.3332,4.3166,0.000211,0.000154,5.7e-05,0.0,4.316599,461557.0,0.842,0.489,
sensor,nonblocking,1,200,10000,200,4,46,0,5.3889747319999515,4.3473,4.3238,0.000231,0.000182,4.9e-05,0.0,4.323825,460054.0,0.851,0.5,
sensor,nonblocking,1,200,10000,200,5,47,0,5.492021826999917,4.427,4.4092,0.000516,0.000473,4.2e-05,0.0,4.409196,451772.0,0.844,0.495,
sensor,nonblocking,1,500,10000,50,1,43,0,24.21505679500001,10.5972,10.5418,0.000225,0.000177,4.8e-05,0.0,10.541751,471824.0,0.753,0.751,0.0
sensor,nonblocking,1,500,10000,50,2,44,0,12.83968962500012,11.1776,11.1218,0.000232,0.000187,4.5e-05,0.0,11.121808,447321.0,0.748,0.747,
sensor,nonblocking,1,500,10000,50,3,45,0,12.756600317999983,11.0938,11.0276,0.000226,0.000156,7e-05,0.0,11.027649,450703.0,0.75,0.75,
sensor,nonblocking,1,500,10000,50,4,46,0,12.70323386400014,10.9626,10.9018,0.000206,0.000156,5e-05,0.0,10.901795,456098.0,0.75,0.751,
sensor,nonblocking,1,500,10000,50,5,47,0,12.788205173000051,11.1062,11.0459,0.000213,0.000163,5e-05,0.0,11.045937,450199.0,0.749,0.75,
sensor,nonblocking,1,500,10000,200,1,43,0,24.754043627999863,10.8963,10.838,0.000192,0.00015,4.1e-05,0.0,10.838001,458871.0,0.846,0.494,0.0
sensor,nonblocking,1,500,10000,200,2,44,0,12.038238749999891,10.4041,10.3445,0.000218,0.000155,6.4e-05,0.0,10.344455,480578.0,0.845,0.492,
sensor,nonblocking,1,500,10000,200,3,45,0,12.111658932000182,10.4506,10.3833,0.000187,0.000145,4.2e-05,0.0,10.383318,478443.0,0.846,0.494,
sensor,nonblocking,1,500,10000,200,4,46,0,12.148719320000055,10.5183,10.4501,0.000239,0.00016,7.9e-05,0.0,10.450128,475360.0,0.841,0.492,
sensor,nonblocking,1,500,10000,200,5,47,0,12.002438354000105,10.3633,10.3052,0.000536,0.000144,0.000392,0.0,10.305182,482473.0,0.845,0.493,
sensor,nonblocking,2,50,10000,50,1,43,0,2.5766673110001648,0.6768,0.6722,0.000389,0.000264,0.000158,0.1,0.672191,738818.0,0.761,0.755,0.0
sensor,nonblocking,2,50,10000,50,2,44,0,1.4106478869998682,0.6306,0.6264,0.023464,0.000229,0.023241,3.7,0.62639,792926.0,0.751,0.76,
sensor,nonblocking,2,50,10000,50,3,45,0,1.3190533310000774,0.5973,0.5948,0.000376,0.000246,0.000196,0.1,0.594806,837072.0,0.747,0.749,
sensor,nonblocking,2,50,10000,50,4,46,0,1.3086587679999866,0.5725,0.5673,0.002924,0.000244,0.00268,0.5,0.567346,873353.0,0.756,0.763,
sensor,nonblocking,2,50,10000,50,5,47,0,1.3158423130000756,0.5546,0.5513,0.022569,0.000201,0.022368,4.1,0.551285,901620.0,0.75,0.743,
sensor,nonblocking,2,50,10000,200,1,43,0,2.6068956839999373,0.5908,0.5864,0.00212,0.000156,0.001964,0.4,0.586402,846364.0,0.839,0.485,0.0
sensor,nonblocking,2,50,10000,200,2,44,0,1.335541694999847,0.5768,0.5741,0.000301,0.00018,0.000156,0.1,0.57411,866854.0,0.841,0.495,
sensor,nonblocking,2,50,10000,200,3,45,0,1.358558285000072,0.6114,0.6073,0.000448,0.000221,0.000227,0.1,0.60735,817792.0,0.845,0.5,
sensor,nonblocking,2,50,10000,200,4,46,0,1.3272211829998923,0.5599,0.5558,0.001798,0.000166,0.001633,0.3,0.555757,892957.0,0.85,0.505,
sensor,nonblocking,2,50,10000,200,5,47,0,1.3863285830000223,0.6239,0.6206,0.00032,0.000168,0.000164,0.1,0.620633,801413.0,0.843,0.496,
sensor,nonblocking,2,200,10000,50,1,43,0,7.953242649000003,2.2347,2.2242,0.012639,0.000275,0.012364,0.6,2.224153,894992.0,0.751,0.757,0.0
sensor,nonblocking,2,200,10000,50,2,44,0,3.633338391999814,2.5474,2.5273,0.039402,0.000253,0.039149,1.5,2.527304,785125.0,0.748,0.748,
sensor,nonblocking,2,200,10000,50,3,45,0,3.5968212809998477,2.4449,2.4269,0.012774,0.000335,0.012439,0.5,2.426933,818035.0,0.749,0.748,
sensor,nonblocking,2,200,10000,50,4,46,0,3.625187538999853,2.5468,2.5307,0.002949,0.000225,0.002742,0.1,2.530684,785310.0,0.749,0.759,
sensor,nonblocking,2,200,10000,50,5,47,0,3.5009835739999744,2.4043,2.3955,0.00049,0.000328,0.000161,0.0,2.395476,831828.0,0.75,0.752,
sensor,nonblocking,2,200,10000,200,1,43,0,8.207926778000001,2.3575,2.3459,0.046746,0.000245,0.046501,2.0,2.345859,848356.0,0.846,0.493,0.0
sensor,nonblocking,2,200,10000,200,2,44,0,3.5968526530000418,2.386,2.3752,0.000457,0.000309,0.000178,0.0,2.375202,838214.0,0.844,0.498,
sensor,nonblocking,2,200,10000,200,3,45,0,3.47711500000014,2.3628,2.3512,0.000331,0.0002,0.000152,0.0,2.351241,846469.0,0.842,0.489,
sensor,nonblocking,2,200,10000,200,4,46,0,3.525326970000151,2.374,2.3523,0.006856,0.000387,0.006469,0.3,2.352268,842447.0,0.851,0.5,
sensor,nonblocking,2,200,10000,200,5,47,0,3.5030341929998485,2.4173,2.4075,0.00428,0.000202,0.004078,0.2,2.407458,827386.0,0.844,0.495,
sensor,nonblocking,2,500,10000,50,1,43,0,19.743703071000027,6.1238,6.0737,0.048799,0.000243,0.048585,0.8,6.073692,816486.0,0.753,0.751,0.0
sensor,nonblocking,2,500,10000,50,2,44,0,8.415563647999988,6.4648,6.3749,0.054868,0.000393,0.054538,0.8,6.374879,773415.0,0.748,0.747,
sensor,nonblocking,2,500,10000,50,3,45,0,8.055439442999841,6.3042,6.25,0.000457,0.000308,0.000191,0.0,6.250016,793121.0,0.75,0.75,
sensor,nonblocking,2,500,10000,50,4,46,0,7.879033052000068,6.0489,6.0028,0.000389,0.000218,0.000171,0.0,6.002829,826591.0,0.75,0.751,
sensor,nonblocking,2,500,10000,50,5,47,0,7.710697902999982,5.8378,5.7882,0.000401,0.000236,0.000192,0.0,5.78822,856489.0,0.749,0.75,
sensor,nonblocking,2,500,10000,200,1,43,0,19.66807926299998,6.0429,5.9919,0.000378,0.000255,0.000149,0.0,5.991906,827421.0,0.846,0.494,0.0
sensor,nonblocking,2,500,10000,200,2,44,0,8.15776719900009,6.1781,6.1123,0.286606,0.000279,0.286327,4.6,6.112305,809314.0,0.845,0.492,
sensor,nonblocking,2,500,10000,200,3,45,0,8.003247762,6.0347,5.9785,0.000427,0.000304,0.000159,0.0,5.97848,828537.0,0.846,0.494,
sensor,nonblocking,2,500,10000,200,4,46,0,7.53701870000009,5.7179,5.6751,0.000354,0.000216,0.000158,0.0,5.67506,874449.0,0.841,0.492,
sensor,nonblocking,2,500,10000,200,5,47,0,7.871371047000139,6.0405,5.9936,0.212184,0.000233,0.211982,3.5,5.993563,827750.0,0.845,0.493,
sensor,nonblocking,4,50,10000,50,1,43,0,2.4057914279999295,0.3345,0.3301,0.070895,0.000173,0.070764,21.2,0.330105,1494592.0,0.761,0.755,0.0
sensor,nonblocking,4,50,10000,50,2,44,0,1.2515163759999268,0.3826,0.366,0.052553,0.000178,0.052395,13.7,0.366028,1306709.0,0.751,0.76,
sensor,nonblocking,4,50,10000,50,3,45,0,1.2595083070000328,0.3841,0.366,0.041606,0.000168,0.041438,10.8,0.366027,1301674.0,0.747,0.749,
sensor,nonblocking,4,50,10000,50,4,46,0,1.250236565000023,0.4009,0.3842,0.06933,0.000529,0.068801,17.3,0.384154,1247321.0,0.756,0.763,
sensor,nonblocking,4,50,10000,50,5,47,0,1.2396063460000732,0.3444,0.3361,0.040446,0.000173,0.0403,11.7,0.33606,1451851.0,0.75,0.743,
sensor,nonblocking,4,50,10000,200,1,43,0,2.336142344999871,0.3804,0.3567,0.043529,0.000186,0.043343,11.4,0.356665,1314427.0,0.839,0.485,0.0
sensor,nonblocking,4,50,10000,200,2,44,0,1.1653894059998038,0.353,0.3504,0.079716,0.000195,0.079521,22.6,0.350383,1416500.0,0.841,0.495,
sensor,nonblocking,4,50,10000,200,3,45,0,1.1619511769999917,0.3661,0.3613,0.063093,0.000176,0.06294,17.2,0.361336,1365755.0,0.845,0.5,
sensor,nonblocking,4,50,10000,200,4,46,0,1.2441466960001435,0.416,0.4014,0.078332,0.000218,0.078138,18.8,0.401384,1202032.0,0.85,0.505,
sensor,nonblocking,4,50,10000,200,5,47,0,1.251923890999933,0.3841,0.3794,0.087692,0.000175,0.08755,22.8,0.379414,1301835.0,0.843,0.496,
sensor,nonblocking,4,200,10000,50,1,43,0,7.514101383000025,1.3428,1.3304,0.096397,0.000257,0.096139,7.2,1.330369,1489454.0,0.751,0.757,0.0
sensor,nonblocking,4,200,10000,50,2,44,0,2.7258675699999912,1.4154,1.3619,0.125465,0.000338,0.125236,8.9,1.361897,1413070.0,0.748,0.748,
sensor,nonblocking,4,200,10000,50,3,45,0,2.7040442049999456,1.3991,1.3558,0.151299,0.000386,0.150929,10.8,1.355849,1429522.0,0.749,0.748,
sensor,nonblocking,4,200,10000,50,4,46,0,2.6143892500001584,1.3999,1.3172,0.122351,0.000405,0.122136,8.7,1.317185,1428633.0,0.749,0.759,
sensor,nonblocking,4,200,10000,50,5,47,0,2.669245295999872,1.4436,1.4308,0.166926,0.000383,0.166653,11.6,1.430779,1385450.0,0.75,0.752,
sensor,nonblocking,4,200,10000,200,1,43,0,7.711776741999984,1.4573,1.4052,0.159333,0.000362,0.15903,10.9,1.405234,1372395.0,0.846,0.493,0.0
sensor,nonblocking,4,200,10000,200,2,44,0,2.877653504999671,1.3854,1.3765,0.074026,0.000252,0.073864,5.3,1.376527,1443648.0,0.844,0.498,
sensor,nonblocking,4,200,10000,200,3,45,0,2.7030615849998867,1.41,1.3796,0.066979,0.000311,0.066709,4.8,1.379618,1418456.0,0.842,0.489,
sensor,nonblocking,4,200,10000,200,4,46,0,2.6802826220000497,1.4302,1.38,0.13769,0.000407,0.137283,9.6,1.380017,1398408.0,0.851,0.5,
sensor,nonblocking,4,200,10000,200,5,47,0,2.6925311569998485,1.42,1.4074,0.143465,0.000404,0.143182,10.1,1.407371,1408429.0,0.844,0.495,
sensor,nonblocking,4,500,10000,50,1,43,0,18.120897257999786,3.518,3.4693,0.059329,0.000517,0.059068,1.7,3.469266,1421265.0,0.753,0.751,0.0
sensor,nonblocking,4,500,10000,50,2,44,0,6.164877225000055,3.8805,3.8235,0.182194,0.000366,0.181895,4.7,3.823486,1288490.0,0.748,0.747,
sensor,nonblocking,4,500,10000,50,3,45,0,6.222657119999894,4.0275,3.9198,0.162787,0.000389,0.162433,4.0,3.919809,1241467.0,0.75,0.75,
sensor,nonblocking,4,500,10000,50,4,46,0,6.403221518999999,3.7957,3.7192,0.154599,0.000421,0.154284,4.1,3.719184,1317263.0,0.75,0.751,
sensor,nonblocking,4,500,10000,50,5,47,0,5.993891920999886,3.6456,3.5128,0.180867,0.000384,0.180577,5.0,3.512766,1371509.0,0.749,0.75,
sensor,nonblocking,4,500,10000,200,1,43,0,18.382279859999926,3.6802,3.5588,0.250066,0.000517,0.24955,6.8,3.558844,1358606.0,0.846,0.494,0.0
sensor,nonblocking,4,500,10000,200,2,44,0,5.629326751999997,3.4966,3.4472,0.149195,0.000349,0.148845,4.3,3.447152,1429980.0,0.845,0.492,
sensor,nonblocking,4,500,10000,200,3,45,0,5.972864266000215,3.6597,3.605,0.19861,0.000398,0.198213,5.4,3.604999,1366247.0,0.846,0.494,
sensor,nonblocking,4,500,10000,200,4,46,0,6.759590015999947,3.9094,3.8468,0.239921,0.00069,0.239467,6.1,3.846766,1278980.0,0.841,0.492,
sensor,nonblocking,4,500,10000,200,5,47,0,6.254416160999881,3.8393,3.7593,0.175141,0.000343,0.174826,4.6,3.759274,1302308.0,0.845,0.493,
sensor,nonblocking,8,50,10000,50,1,43,0,2.6436074640000697,0.279,0.2663,0.082469,0.000326,0.082288,29.6,0.266317,1792225.0,0.761,0.755,0.0
sensor,nonblocking,8,50,10000,50,2,44,0,1.3697118749996662,0.3061,0.2908,0.087454,0.000271,0.087183,28.6,0.290817,1633345.0,0.751,0.76,
sensor,nonblocking,8,50,10000,50,3,45,0,1.408381436000127,0.2915,0.2795,0.079355,0.000376,0.079075,27.2,0.279512,1715224.0,0.747,0.749,
sensor,nonblocking,8,50,10000,50,4,46,0,1.5318621670003267,0.2813,0.2628,0.05633,0.000379,0.056031,20.0,0.262812,1777504.0,0.756,0.763,
sensor,nonblocking,8,50,10000,50,5,47,0,1.4953060329999062,0.2878,0.2748,0.080187,0.000344,0.079941,27.9,0.274803,1737238.0,0.75,0.743,
sensor,nonblocking,8,50,10000,200,1,43,0,2.7102355939996414,0.2718,0.2595,0.058285,0.000307,0.058061,21.4,0.25951,1839269.0,0.839,0.485,0.0
sensor,nonblocking,8,50,10000,200,2,44,0,1.5451853310000843,0.3131,0.2958,0.075013,0.000426,0.07469,24.0,0.295758,1596922.0,0.841,0.495,
sensor,nonblocking,8,50,10000,200,3,45,0,1.3637646850002056,0.3036,0.2871,0.084599,0.000306,0.084334,27.9,0.287099,1646738.0,0.845,0.5,
sensor,nonblocking,8,50,10000,200,4,46,0,1.3635765369999717,0.3218,0.3111,0.055924,0.000524,0.055618,17.4,0.311115,1553524.0,0.85,0.505,
sensor,nonblocking,8,50,10000,200,5,47,0,1.5816964419996111,0.2998,0.2893,0.077061,0.000439,0.07684,25.7,0.289305,1667955.0,0.843,0.496,
sensor,nonblocking,8,200,10000,50,1,43,0,8.50730617299996,0.9845,0.94,0.112659,0.000579,0.112408,11.4,0.939982,2031533.0,0.751,0.757,0.0
sensor,nonblocking,8,200,10000,50,2,44,0,3.02844332199993,1.0154,0.9669,0.184814,0.000358,0.184529,18.2,0.966939,1969668.0,0.748,0.748,
sensor,nonblocking,8,200,10000,50,3,45,0,2.713666431999627,0.9683,0.9385,0.110144,0.000417,0.109727,11.4,0.938519,2065441.0,0.749,0.748,
sensor,nonblocking,8,200,10000,50,4,46,0,2.710500746999969,1.0088,0.9672,0.141753,0.000378,0.141376,14.1,0.967172,1982509.0,0.749,0.759,
sensor,nonblocking,8,200,10000,50,5,47,0,2.6431951990002744,0.9753,0.9418,0.120091,0.00038,0.119761,12.3,0.941809,2050651.0,0.75,0.752,
sensor,nonblocking,8,200,10000,200,1,43,0,8.526781408999796,0.9844,0.9151,0.122537,0.000422,0.122114,12.4,0.91508,2031791.0,0.846,0.493,0.0
sensor,nonblocking,8,200,10000,200,2,44,0,3.022350003000156,1.0054,0.9588,0.107342,0.000496,0.106948,10.7,0.958768,1989223.0,0.844,0.498,
sensor,nonblocking,8,200,10000,200,3,45,0,2.7259988579999117,0.9587,0.902,0.143727,0.000306,0.14346,15.0,0.902019,2086189.0,0.842,0.489,
sensor,nonblocking,8,200,10000,200,4,46,0,2.655397530999835,0.9846,0.9117,0.152338,0.000388,0.152087,15.5,0.911727,2031265.0,0.851,0.5,
sensor,nonblocking,8,200,10000,200,5,47,0,2.639523498000017,0.9512,0.9178,0.161346,0.000405,0.160941,17.0,0.917773,2102610.0,0.844,0.495,
sensor,nonblocking,8,500,10000,50,1,43,0,19.43315963699979,2.3785,2.3063,0.119168,0.002535,0.117289,5.0,2.306277,2102202.0,0.753,0.751,0.0
sensor,nonblocking,8,500,10000,50,2,44,0,5.991170491000048,2.3913,2.2508,0.246585,0.000747,0.245933,10.3,2.250812,2090884.0,0.748,0.747,
sensor,nonblocking,8,500,10000,50,3,45,0,5.846378907000144,2.4504,2.319,0.261013,0.002624,0.260722,10.7,2.318987,2040521.0,0.75,0.75,
sensor,nonblocking,8,500,10000,50,4,46,0,5.569745631999922,2.3194,2.2063,0.211038,0.000441,0.210596,9.1,2.206317,2155707.0,0.75,0.751,
sensor,nonblocking,8,500,10000,50,5,47,0,5.464905081000325,2.3698,2.2598,0.178232,0.000889,0.177889,7.5,2.259789,2109917.0,0.749,0.75,
sensor,nonblocking,8,500,10000,200,1,43,0,18.548917136,2.3699,2.2824,0.23925,0.000667,0.238778,10.1,2.282412,2109761.0,0.846,0.494,0.0
sensor,nonblocking,8,500,10000,200,2,44,0,5.483386420999977,2.3925,2.2946,0.325191,0.000464,0.324728,13.6,2.294569,2089848.0,0.845,0.492,
sensor,nonblocking,8,500,10000,200,3,45,0,5.761073897000188,2.3773,2.2366,0.196833,0.0005,0.196444,8.3,2.23662,2103269.0,0.846,0.494,
sensor,nonblocking,8,500,10000,200,4,46,0,5.826336473000083,2.3573,2.3083,0.176704,0.000434,0.176344,7.5,2.308292,2121102.0,0.841,0.492,
sensor,nonblocking,8,500,10000,200,5,47,0,5.355335978000312,2.3196,2.1728,0.224185,0.000498,0.223847,9.7,2.172779,2155515.0,0.845,0.493,
time,blocking,1,50,10000,50,1,43,0,3.148939073999827,1.1031,1.0995,0.000239,0.000239,0.0,0.0,0.0,453268.0,0.761,0.755,0.0
time,blocking,1,50,10000,50,2,44,0,1.920742693000193,1.1322,1.1279,0.000194,0.000194,0.0,0.0,0.0,441619.0,0.751,0.76,
time,blocking,1,50,10000,50,3,45,0,1.819115710999995,1.0247,1.0212,0.00014,0.00014,0.0,0.0,0.0,487958.0,0.747,0.749,
time,blocking,1,50,10000,50,4,46,0,1.8935612509999373,1.1353,1.131,0.000227,0.000227,0.0,0.0,0.0,440418.0,0.756,0.763,
time,blocking,1,50,10000,50,5,47,0,1.8625251779999417,1.0818,1.0782,0.00015,0.00015,0.0,0.0,0.0,462205.0,0.75,0.743,
time,blocking,1,50,10000,200,1,43,0,3.1943150459997014,1.1105,1.1062,0.000158,0.000158,0.0,0.0,0.0,450258.0,0.839,0.485,0.0
time,blocking,1,50,10000,200,2,44,0,1.9192691529997319,1.0742,1.0695,0.000165,0.000165,0.0,0.0,0.0,465450.0,0.841,0.495,
time,blocking,1,50,10000,200,3,45,0,1.898134165999636,1.1229,1.1189,0.000161,0.000161,0.0,0.0,0.0,445289.0,0.845,0.5,
time,blocking,1,50,10000,200,4,46,0,1.8726228069999706,1.0879,1.0836,0.000177,0.000177,0.0,0.0,0.0,459590.0,0.85,0.505,
time,blocking,1,50,10000,200,5,47,0,1.9371593559999383,1.1617,1.157,0.000171,0.000171,0.0,0.0,0.0,430419.0,0.843,0.496,
time,blocking,1,200,10000,50,1,43,0,10.424327201000324,4.4021,4.3817,0.000254,0.000254,0.0,0.0,0.0,454329.0,0.751,0.757,0.0
time,blocking,1,200,10000,50,2,44,0,5.399486420000358,4.3385,4.3221,0.000163,0.000163,0.0,0.0,0.0,460993.0,0.748,0.748,
time,blocking,1,200,10000,50,3,45,0,5.213944546000221,4.1935,4.1757,0.000148,0.000148,0.0,0.0,0.0,476932.0,0.749,0.748,
time,blocking,1,200,10000,50,4,46,0,5.482889949999844,4.4176,4.3979,0.000184,0.000184,0.0,0.0,0.0,452732.0,0.749,0.759,
time,blocking,1,200,10000,50,5,47,0,5.32694533699987,4.2424,4.2264,0.000146,0.000146,0.0,0.0,0.0,471429.0,0.75,0.752,
time,blocking,1,200,10000,200,1,43,0,9.861910485999942,4.1015,4.0849,0.000169,0.000169,0.0,0.0,0.0,487626.0,0.846,0.493,0.0
time,blocking,1,200,10000,200,2,44,0,5.293414325999947,4.1731,4.1553,0.000166,0.000166,0.0,0.0,0.0,479262.0,0.844,0.498,
time,blocking,1,200,10000,200,3,45,0,5.226343194000037,4.2148,4.1998,0.000151,0.000151,0.0,0.0,0.0,474517.0,0.842,0.489,
time,blocking,1,200,10000,200,4,46,0,5.260138024999833,4.2314,4.2136,0.000159,0.000159,0.0,0.0,0.0,472652.0,0.851,0.5,
time,blocking,1,200,10000,200,5,47,0,5.437170014999992,4.3534,4.3316,0.000378,0.000378,0.0,0.0,0.0,459406.0,0.844,0.495,
time,blocking,1,500,10000,50,1,43,0,24.94942324600015,11.0886,11.0264,0.000153,0.000153,0.0,0.0,0.0,450913.0,0.753,0.751,0.0
time,blocking,1,500,10000,50,2,44,0,12.588655878999816,10.8692,10.8078,0.000158,0.000158,0.0,0.0,0.0,460014.0,0.748,0.747,
time,blocking,1,500,10000,50,3,45,0,12.71344706400032,11.0619,11.005,0.000157,0.000157,0.0,0.0,0.0,452002.0,0.75,0.75,
time,blocking,1,500,10000,50,4,46,0,12.171990199999982,10.5533,10.4974,0.000148,0.000148,0.0,0.0,0.0,473786.0,0.75,0.751,
time,blocking,1,500,10000,50,5,47,0,12.575993824999841,10.867,10.8154,0.000149,0.000149,0.0,0.0,0.0,460111.0,0.749,0.75,
time,blocking,1,500,10000,200,1,43,0,24.31718991400021,10.692,10.6111,0.00018,0.00018,0.0,0.0,0.0,467639.0,0.846,0.494,0.0
time,blocking,1,500,10000,200,2,44,0,12.501530013999854,10.8469,10.7889,0.000149,0.000149,0.0,0.0,0.0,460963.0,0.845,0.492,
time,blocking,1,500,10000,200,3,45,0,12.364097237999886,10.7017,10.6475,0.000159,0.000159,0.0,0.0,0.0,467216.0,0.846,0.494,
time,blocking,1,500,10000,200,4,46,0,12.101600442999825,10.5087,10.4548,0.000209,0.000209,0.0,0.0,0.0,475798.0,0.841,0.492,
time,blocking,1,500,10000,200,5,47,0,12.139901265999924,10.4333,10.3794,0.000166,0.000166,0.0,0.0,0.0,479233.0,0.845,0.493,
time,blocking,2,50,10000,50,1,43,0,2.507846702000279,0.5663,0.5614,0.01764,0.01764,0.0,3.1,0.0,882856.0,0.761,0.755,0.0
time,blocking,2,50,10000,50,2,44,0,1.419008673999997,0.6383,0.6316,0.007524,0.007524,0.0,1.2,0.0,783328.0,0.751,0.76,
time,blocking,2,50,10000,50,3,45,0,1.4520637870000428,0.6483,0.643,0.020845,0.020845,0.0,3.2,0.0,771286.0,0.747,0.749,
time,blocking,2,50,10000,50,4,46,0,1.564811840999937,0.7363,0.7287,0.030438,0.030438,0.0,4.1,0.0,679094.0,0.756,0.763,
time,blocking,2,50,10000,50,5,47,0,1.4720202240000617,0.673,0.6682,0.03879,0.03879,0.0,5.8,0.0,742978.0,0.75,0.743,
time,blocking,2,50,10000,200,1,43,0,3.44688815399968,0.8325,0.8243,0.018794,0.018794,0.0,2.3,0.0,600596.0,0.839,0.485,0.0
time,blocking,2,50,10000,200,2,44,0,1.4181890129998465,0.6177,0.6117,0.041768,0.041768,0.0,6.8,0.0,809424.0,0.841,0.495,
time,blocking,2,50,10000,200,3,45,0,1.8694157219997578,0.9096,0.8946,0.055887,0.055887,0.0,6.1,0.0,549675.0,0.845,0.5,
time,blocking,2,50,10000,200,4,46,0,1.723786635000124,0.5845,0.5648,0.017816,0.017816,0.0,3.0,0.0,855403.0,0.85,0.505,
time,blocking,2,50,10000,200,5,47,0,1.4220835649998662,0.5693,0.5629,0.033737,0.033737,0.0,5.9,0.0,878265.0,0.843,0.496,
time,blocking,2,200,10000,50,1,43,0,8.727087033999851,2.4836,2.4607,0.06663,0.06663,0.0,2.7,0.0,805289.0,0.751,0.757,0.0
time,blocking,2,200,10000,50,2,44,0,3.4621508210002503,2.2739,2.2473,0.036045,0.036045,0.0,1.6,0.0,879542.0,0.748,0.748,
time,blocking,2,200,10000,50,3,45,0,3.4670588030003273,2.3954,2.37,0.10171,0.10171,0.0,4.2,0.0,834951.0,0.749,0.748,
time,blocking,2,200,10000,50,4,46,0,3.798157808999804,2.6129,2.5865,0.051468,0.051468,0.0,2.0,0.0,765437.0,0.749,0.759,
time,blocking,2,200,10000,50,5,47,0,3.6283007709998856,2.4756,2.4476,0.154628,0.154628,0.0,6.2,0.0,807886.0,0.75,0.752,
time,blocking,2,200,10000,200,1,43,0,8.353344918000403,2.4199,2.3377,0.065275,0.065275,0.0,2.7,0.0,826485.0,0.846,0.493,0.0
time,blocking,2,200,10000,200,2,44,0,3.577932230999977,2.4573,2.4359,0.183874,0.183874,0.0,7.5,0.0,813914.0,0.844,0.498,
time,blocking,2,200,10000,200,3,45,0,3.7794110730001194,2.6731,2.6382,0.082008,0.082008,0.0,3.1,0.0,748201.0,0.842,0.489,
time,blocking,2,200,10000,200,4,46,0,3.6810838579999654,2.5948,2.5759,0.184459,0.184459,0.0,7.1,0.0,770781.0,0.851,0.5,
time,blocking,2,200,10000,200,5,47,0,3.637122409999847,2.4965,2.4748,0.205929,0.205929,0.0,8.2,0.0,801129.0,0.844,0.495,
time,blocking,2,500,10000,50,1,43,0,19.925759223000114,6.036,5.9679,0.067847,0.067847,0.0,1.1,0.0,828364.0,0.753,0.751,0.0
time,blocking,2,500,10000,50,2,44,0,8.135297779999746,6.142,6.0677,0.105435,0.105435,0.0,1.7,0.0,814065.0,0.748,0.747,
time,blocking,2,500,10000,50,3,45,0,8.271991124000124,6.2793,6.1607,0.245722,0.245722,0.0,3.9,0.0,796272.0,0.75,0.75,
time,blocking,2,500,10000,50,4,46,0,8.401256316999934,6.0768,5.9842,0.080273,0.080273,0.0,1.3,0.0,822808.0,0.75,0.751,
time,blocking,2,500,10000,50,5,47,0,7.876419625999915,6.0568,5.9864,0.17906,0.17906,0.0,3.0,0.0,825520.0,0.749,0.75,
time,blocking,2,500,10000,200,1,43,0,19.809292164999988,6.1678,6.097,0.512925,0.512925,0.0,8.3,0.0,810662.0,0.846,0.494,0.0
time,blocking,2,500,10000,200,2,44,0,8.179556082999625,6.2588,6.1962,0.502276,0.502276,0.0,8.0,0.0,798875.0,0.845,0.492,
time,blocking,2,500,10000,200,3,45,0,8.009388516999934,6.0641,5.8599,0.146787,0.146787,0.0,2.4,0.0,824520.0,0.846,0.494,
time,blocking,2,500,10000,200,4,46,0,8.00401274099977,6.1654,6.0871,0.257685,0.257685,0.0,4.2,0.0,810980.0,0.841,0.492,
time,blocking,2,500,10000,200,5,47,0,8.260840522999843,6.3233,6.2415,0.460992,0.460992,0.0,7.3,0.0,790724.0,0.845,0.493,
time,blocking,4,50,10000,50,1,43,0,2.3456347699998332,0.3706,0.3644,0.06705,0.06705,0.0,18.1,0.0,1349283.0,0.761,0.755,0.0
time,blocking,4,50,10000,50,2,44,0,1.2385226289998172,0.3907,0.3793,0.06974,0.06974,0.0,17.9,0.0,1279802.0,0.751,0.76,
time,blocking,4,50,10000,50,3,45,0,1.1727962009999828,0.3536,0.348,0.042755,0.042755,0.0,12.1,0.0,1413924.0,0.747,0.749,
time,blocking,4,50,10000,50,4,46,0,1.2178898780002783,0.3953,0.3849,0.033118,0.033118,0.0,8.4,0.0,1264829.0,0.756,0.763,
time,blocking,4,50,10000,50,5,47,0,1.2657357589996536,0.3938,0.387,0.041638,0.041638,0.0,10.6,0.0,1269567.0,0.75,0.743,
time,blocking,4,50,10000,200,1,43,0,2.428726007000023,0.3684,0.3626,0.031407,0.031407,0.0,8.5,0.0,1357315.0,0.839,0.485,0.0
time,blocking,4,50,10000,200,2,44,0,1.2139193899997736,0.3586,0.3483,0.045445,0.045445,0.0,12.7,0.0,1394368.0,0.841,0.495,
time,blocking,4,50,10000,200,3,45,0,1.280709399999978,0.4051,0.399,0.08798,0.08798,0.0,21.7,0.0,1234149.0,0.845,0.5,
time,blocking,4,50,10000,200,4,46,0,1.279984278000029,0.365,0.3567,0.047883,0.047883,0.0,13.1,0.0,1369733.0,0.85,0.505,
time,blocking,4,50,10000,200,5,47,0,1.434658710000349,0.4329,0.4212,0.035413,0.035413,0.0,8.2,0.0,1154999.0,0.843,0.496,
time,blocking,4,200,10000,50,1,43,0,7.614704408999842,1.3393,1.3141,0.030684,0.030684,0.0,2.3,0.0,1493338.0,0.751,0.757,0.0
time,blocking,4,200,10000,50,2,44,0,2.709144343000389,1.4176,1.338,0.090434,0.090434,0.0,6.4,0.0,1410875.0,0.748,0.748,
time,blocking,4,200,10000,50,3,45,0,2.4979434809997656,1.2947,1.2638,0.074867,0.074867,0.0,5.8,0.0,1544762.0,0.749,0.748,
time,blocking,4,200,10000,50,4,46,0,2.4991566420003437,1.3294,1.2962,0.047371,0.047371,0.0,3.6,0.0,1504436.0,0.749,0.759,
time,blocking,4,200,10000,50,5,47,0,2.5703950179999993,1.3913,1.3683,0.164356,0.164356,0.0,11.8,0.0,1437514.0,0.75,0.752,
time,blocking,4,200,10000,200,1,43,0,7.348496594999688,1.4341,1.364,0.152798,0.152798,0.0,10.7,0.0,1394649.0,0.846,0.493,0.0
time,blocking,4,200,10000,200,2,44,0,2.526588885000365,1.286,1.2557,0.095765,0.095765,0.0,7.4,0.0,1555218.0,0.844,0.498,
time,blocking,4,200,10000,200,3,45,0,2.482741953999721,1.2887,1.2696,0.123894,0.123894,0.0,9.6,0.0,1551954.0,0.842,0.489,
time,blocking,4,200,10000,200,4,46,0,2.493905072999951,1.3253,1.3007,0.180066,0.180066,0.0,13.6,0.0,1509078.0,0.851,0.5,
time,blocking,4,200,10000,200,5,47,0,2.5074846309998975,1.3853,1.3577,0.168873,0.168873,0.0,12.2,0.0,1443685.0,0.844,0.495,
time,blocking,4,500,10000,50,1,43,0,17.939934764999634,3.54,3.4481,0.234623,0.234623,0.0,6.6,0.0,1412448.0,0.753,0.751,0.0
time,blocking,4,500,10000,50,2,44,0,5.625929669000016,3.574,3.4563,0.206648,0.206648,0.0,5.8,0.0,1399007.0,0.748,0.747,
time,blocking,4,500,10000,50,3,45,0,5.898776636000093,3.5803,3.5148,0.279309,0.279309,0.0,7.8,0.0,1396550.0,0.75,0.75,
time,blocking,4,500,10000,50,4,46,0,5.671603281999978,3.4855,3.4015,0.108536,0.108536,0.0,3.1,0.0,1434505.0,0.75,0.751,
time,blocking,4,500,10000,50,5,47,0,5.610586883000451,3.5228,3.4371,0.425704,0.425704,0.0,12.1,0.0,1419319.0,0.749,0.75,
time,blocking,4,500,10000,200,1,43,0,17.369533869000406,3.6004,3.5268,0.465762,0.465762,0.0,12.9,0.0,1388750.0,0.846,0.494,0.0
time,blocking,4,500,10000,200,2,44,0,5.954068801000176,3.4904,3.3699,0.473825,0.473825,0.0,13.6,0.0,1432502.0,0.845,0.492,
time,blocking,4,500,10000,200,3,45,0,5.635080960999858,3.3788,3.2647,0.261231,0.261231,0.0,7.7,0.0,1479818.0,0.846,0.494,
time,blocking,4,500,10000,200,4,46,0,5.526247564999721,3.4784,3.3942,0.295253,0.295253,0.0,8.5,0.0,1437454.0,0.841,0.492,
time,blocking,4,500,10000,200,5,47,0,5.950403300000289,3.8714,3.774,0.712289,0.712289,0.0,18.4,0.0,1291528.0,0.845,0.493,
time,blocking,8,50,10000,50,1,43,0,2.5262718559997666,0.2473,0.24,0.046857,0.046857,0.0,18.9,0.0,2021964.0,0.761,0.755,0.0
time,blocking,8,50,10000,50,2,44,0,1.2384106819999943,0.2449,0.2405,0.057904,0.057904,0.0,23.6,0.0,2042067.0,0.751,0.76,
time,blocking,8,50,10000,50,3,45,0,1.345896599000298,0.2732,0.263,0.045203,0.045203,0.0,16.5,0.0,1830045.0,0.747,0.749,
time,blocking,8,50,10000,50,4,46,0,1.3068034319999242,0.2434,0.239,0.047355,0.047355,0.0,19.5,0.0,2054526.0,0.756,0.763,
time,blocking,8,50,10000,50,5,47,0,1.3427637839999989,0.2372,0.2314,0.03499,0.03499,0.0,14.8,0.0,2108314.0,0.75,0.743,
time,blocking,8,50,10000,200,1,43,0,2.4077354810001452,0.2553,0.2488,0.082408,0.082408,0.0,32.3,0.0,1958409.0,0.839,0.485,0.0
time,blocking,8,50,10000,200,2,44,0,1.2408339469998282,0.2402,0.2332,0.062078,0.062078,0.0,25.8,0.0,2081945.0,0.841,0.495,
time,blocking,8,50,10000,200,3,45,0,1.2471555400002217,0.2462,0.2409,0.061144,0.061144,0.0,24.8,0.0,2030642.0,0.845,0.5,
time,blocking,8,50,10000,200,4,46,0,1.295509724999647,0.2423,0.2366,0.042386,0.042386,0.0,17.5,0.0,2063920.0,0.85,0.505,
time,blocking,8,50,10000,200,5,47,0,1.3050448250000954,0.2683,0.2621,0.088961,0.088961,0.0,33.2,0.0,1863678.0,0.843,0.496,
time,blocking,8,200,10000,50,1,43,0,7.455912319000163,0.9332,0.9097,0.174003,0.174003,0.0,18.6,0.0,2143203.0,0.751,0.757,0.0
time,blocking,8,200,10000,50,2,44,0,2.720829239000068,1.0368,1.0101,0.131247,0.131247,0.0,12.7,0.0,1929064.0,0.748,0.748,
time,blocking,8,200,10000,50,3,45,0,2.554350488000182,0.9319,0.9133,0.101392,0.101392,0.0,10.9,0.0,2146209.0,0.749,0.748,
time,blocking,8,200,10000,50,4,46,0,2.598473925000235,0.9649,0.945,0.12173,0.12173,0.0,12.6,0.0,2072772.0,0.749,0.759,
time,blocking,8,200,10000,50,5,47,0,2.9058904399998937,0.9882,0.9495,0.161404,0.161404,0.0,16.3,0.0,2023944.0,0.75,0.752,
time,blocking,8,200,10000,200,1,43,0,7.4555266630000006,0.9657,0.942,0.174613,0.174613,0.0,18.1,0.0,2070944.0,0.846,0.493,0.0
time,blocking,8,200,10000,200,2,44,0,2.6155667829998492,0.9475,0.9232,0.201143,0.201143,0.0,21.2,0.0,2110878.0,0.844,0.498,
time,blocking,8,200,10000,200,3,45,0,2.54702832699968,0.9489,0.9263,0.123503,0.123503,0.0,13.0,0.0,2107648.0,0.842,0.489,
time,blocking,8,200,10000,200,4,46,0,2.491211271999873,0.905,0.8838,0.186823,0.186823,0.0,20.6,0.0,2209827.0,0.851,0.5,
time,blocking,8,200,10000,200,5,47,0,2.4762502120001955,0.9021,0.8769,0.23203,0.23203,0.0,25.7,0.0,2216941.0,0.844,0.495,
time,blocking,8,500,10000,50,1,43,0,18.85228953700016,2.5832,2.4815,0.229948,0.229948,0.0,8.9,0.0,1935586.0,0.753,0.751,0.0
time,blocking,8,500,10000,50,2,44,0,5.564574752000226,2.4098,2.338,0.191645,0.191645,0.0,8.0,0.0,2074885.0,0.748,0.747,
time,blocking,8,500,10000,50,3,45,0,5.930266374999974,2.5623,2.4816,0.199274,0.199274,0.0,7.8,0.0,1951407.0,0.75,0.75,
time,blocking,8,500,10000,50,4,46,0,5.337532901000031,2.35,2.2652,0.252979,0.252979,0.0,10.8,0.0,2127668.0,0.75,0.751,
time,blocking,8,500,10000,50,5,47,0,5.496771758999785,2.4012,2.3211,0.205856,0.205856,0.0,8.6,0.0,2082272.0,0.749,0.75,
time,blocking,8,500,10000,200,1,43,0,17.358293240999956,2.3033,2.2316,0.466966,0.466966,0.0,20.3,0.0,2170766.0,0.846,0.494,0.0
time,blocking,8,500,10000,200,2,44,0,6.8958583429998725,2.7031,2.5598,0.481792,0.481792,0.0,17.8,0.0,1849743.0,0.845,0.492,
time,blocking,8,500,10000,200,3,45,0,6.2186460210000405,2.8195,2.7357,0.489517,0.489517,0.0,17.4,0.0,1773389.0,0.846,0.494,
time,blocking,8,500,10000,200,4,46,0,5.629956088999734,2.4065,2.3145,0.413955,0.413955,0.0,17.2,0.0,2077724.0,0.841,0.492,
time,blocking,8,500,10000,200,5,47,0,5.589274990999911,2.433,2.3447,0.527831,0.527831,0.0,21.7,0.0,2055040.0,0.845,0.493,
time,nonblocking,1,50,10000,50,1,43,0,3.126903597999899,1.098,1.094,0.000206,0.000152,5.5e-05,0.0,1.094009,455387.0,0.761,0.755,0.0
time,nonblocking,1,50,10000,50,2,44,0,1.8821433489997617,1.0946,1.0891,0.000271,0.000198,7.3e-05,0.0,1.089062,456783.0,0.751,0.76,
time,nonblocking,1,50,10000,50,3,45,0,1.8827253909998944,1.1085,1.1035,0.000238,0.000194,4.4e-05,0.0,1.103548,451051.0,0.747,0.749,
time,nonblocking,1,50,10000,50,4,46,0,1.8347206690000348,1.0454,1.0412,0.000216,0.00017,4.5e-05,0.0,1.04122,478271.0,0.756,0.763,
time,nonblocking,1,50,10000,50,5,47,0,1.960451090999868,1.2137,1.2098,0.000201,0.000153,4.8e-05,0.0,1.209758,411972.0,0.75,0.743,
time,nonblocking,1,50,10000,200,1,43,0,3.7549995180002043,1.4355,1.4299,0.000229,0.000172,5.7e-05,0.0,1.429859,348312.0,0.839,0.485,0.0
time,nonblocking,1,50,10000,200,2,44,0,1.8133134120002978,1.0605,1.0565,0.000206,0.000153,5.4e-05,0.0,1.056534,471468.0,0.841,0.495,
time,nonblocking,1,50,10000,200,3,45,0,1.827973547000056,1.0731,1.0674,0.000276,0.000197,7.9e-05,0.0,1.067408,465925.0,0.845,0.5,
time,nonblocking,1,50,10000,200,4,46,0,2.043440552999982,1.2602,1.2558,0.000209,0.000162,4.7e-05,0.0,1.255775,396769.0,0.85,0.505,
time,nonblocking,1,50,10000,200,5,47,0,2.330996674999824,1.446,1.4416,0.000199,0.000151,4.8e-05,0.0,1.441644,345773.0,0.843,0.496,
time,nonblocking,1,200,10000,50,1,43,0,10.423246267000195,4.4229,4.4048,0.000211,0.000168,4.3e-05,0.0,4.404849,452193.0,0.751,0.757,0.0
time,nonblocking,1,200,10000,50,2,44,0,5.189992710999832,4.1792,4.1611,0.0002,0.000156,4.4e-05,0.0,4.161138,478556.0,0.748,0.748,
time,nonblocking,1,200,10000,50,3,45,0,5.419115140000031,4.3877,4.369,0.000219,0.000175,4.4e-05,0.0,4.369035,455820.0,0.749,0.748,
time,nonblocking,1,200,10000,50,4,46,0,5.1707589650000045,4.1394,4.1229,0.000204,0.000157,4.7e-05,0.0,4.122904,483159.0,0.749,0.759,
time,nonblocking,1,200,10000,50,5,47,0,5.252597538999908,4.2243,4.2068,0.000269,0.000219,5e-05,0.0,4.206779,473448.0,0.75,0.752,
time,nonblocking,1,200,10000,200,1,43,0,9.817370237999967,4.1054,4.0872,0.000318,0.000266,5.1e-05,0.0,4.087191,487167.0,0.846,0.493,0.0
time,nonblocking,1,200,10000,200,2,44,0,5.141054226000051,4.1065,4.0865,0.000208,0.000164,4.3e-05,0.0,4.086458,487037.0,0.844,0.498,
time,nonblocking,1,200,10000,200,3,45,0,5.405311040000015,4.3503,4.3336,0.000208,0.000163,4.5e-05,0.0,4.333566,459733.0,0.842,0.489,
time,nonblocking,1,200,10000,200,4,46,0,5.2486556519997976,4.1968,4.1789,0.000221,0.000166,5.5e-05,0.0,4.178907,476548.0,0.851,0.5,
time,nonblocking,1,200,10000,200,5,47,0,5.200469932000033,4.1075,4.0911,0.000219,0.000175,4.4e-05,0.0,4.091071,486916.0,0.844,0.495,
time,nonblocking,1,500,10000,50,1,43,0,23.91499118899992,10.4994,10.4466,0.000209,0.000162,4.7e-05,0.0,10.446615,476219.0,0.753,0.751,0.0
time,nonblocking,1,500,10000,50,2,44,0,12.32419876899985,10.7175,10.6639,0.000203,0.000161,4.3e-05,0.0,10.663859,466527.0,0.748,0.747,
time,nonblocking,1,500,10000,50,3,45,0,12.687237953000022,11.0186,10.9692,0.000196,0.000153,4.3e-05,0.0,10.969246,453779.0,0.75,0.75,
time,nonblocking,1,500,10000,50,4,46,0,12.158432262000133,10.5319,10.4813,0.00024,0.00019,5e-05,0.0,10.481252,474750.0,0.75,0.751,
time,nonblocking,1,500,10000,50,5,47,0,12.420680834999985,10.7939,10.7232,0.000488,0.000295,0.000193,0.0,10.723231,463227.0,0.749,0.75,
time,nonblocking,1,500,10000,200,1,43,0,24.799504218999573,10.848,10.7867,0.000213,0.000151,6.2e-05,0.0,10.786655,460916.0,0.846,0.494,0.0
time,nonblocking,1,500,10000,200,2,44,0,11.894706591000158,10.277,10.226,0.000208,0.000157,5.2e-05,0.0,10.225951,486526.0,0.845,0.492,
time,nonblocking,1,500,10000,200,3,45,0,12.020276160000321,10.4319,10.3748,0.000239,0.000196,4.3e-05,0.0,10.374834,479301.0,0.846,0.494,
time,nonblocking,1,500,10000,200,4,46,0,12.067061032999845,10.4825,10.4286,0.000221,0.000179,4.2e-05,0.0,10.428552,476985.0,0.841,0.492,
time,nonblocking,1,500,10000,200,5,47,0,12.210654042999977,10.5707,10.5133,0.000189,0.000143,4.6e-05,0.0,10.513269,473005.0,0.845,0.493,
time,nonblocking,2,50,10000,50,1,43,0,2.5860090109999874,0.5972,0.5916,0.000219,0.000151,8.8e-05,0.0,0.591569,837294.0,0.761,0.755,0.0
time,nonblocking,2,50,10000,50,2,44,0,1.4238395460001811,0.6488,0.6433,0.01678,0.000177,0.016603,2.6,0.643253,770665.0,0.751,0.76,
time,nonblocking,2,50,10000,50,3,45,0,1.4033566749999409,0.6012,0.5963,0.000286,0.00015,0.000168,0.0,0.596344,831676.0,0.747,0.749,
time,nonblocking,2,50,10000,50,4,46,0,1.364642030000141,0.6117,0.6052,0.000228,0.00014,8.9e-05,0.0,0.605234,817403.0,0.756,0.763,
time,nonblocking,2,50,10000,50,5,47,0,1.4189161439999225,0.6237,0.6174,0.000249,0.000172,9.9e-05,0.0,0.617355,801632.0,0.75,0.743,
time,nonblocking,2,50,10000,200,1,43,0,2.5740010260001327,0.6438,0.6394,0.000236,0.000141,9.7e-05,0.0,0.639385,776643.0,0.839,0.485,0.0
time,nonblocking,2,50,10000,200,2,44,0,1.4141227739996793,0.6357,0.6313,0.000256,0.000141,0.000115,0.0,0.631301,786490.0,0.841,0.495,
time,nonblocking,2,50,10000,200,3,45,0,1.4396143210001355,0.6632,0.6579,0.000393,0.000224,0.000169,0.1,0.657933,753868.0,0.845,0.5,
time,nonblocking,2,50,10000,200,4,46,0,1.410615506999875,0.656,0.6515,0.000203,0.000135,0.0001,0.0,0.651541,762174.0,0.85,0.505,
time,nonblocking,2,50,10000,200,5,47,0,1.4141961529999207,0.6502,0.6453,0.000228,0.000153,9.3e-05,0.0,0.645284,769024.0,0.843,0.496,
time,nonblocking,2,200,10000,50,1,43,0,8.41336299700015,2.461,2.438,0.07356,0.000181,0.073427,3.0,2.437979,812673.0,0.751,0.757,0.0
time,nonblocking,2,200,10000,50,2,44,0,3.66209889799984,2.5494,2.5292,0.000326,0.000248,0.000103,0.0,2.529158,784491.0,0.748,0.748,
time,nonblocking,2,200,10000,50,3,45,0,3.646518886999729,2.4996,2.4735,0.072735,0.000196,0.072592,2.9,2.47345,800135.0,0.749,0.748,
time,nonblocking,2,200,10000,50,4,46,0,3.5836712489999627,2.4641,2.4412,0.000288,0.000214,8.8e-05,0.0,2.441205,811669.0,0.749,0.759,
time,nonblocking,2,200,10000,50,5,47,0,3.751593784000306,2.6275,2.6081,0.037609,0.000151,0.037474,1.4,2.60806,761188.0,0.75,0.752,
time,nonblocking,2,200,10000,200,1,43,0,8.238248255000144,2.3813,2.3587,0.00028,0.000188,9.2e-05,0.0,2.358746,839892.0,0.846,0.493,0.0
time,nonblocking,2,200,10000,200,2,44,0,3.6066759390000698,2.4794,2.4575,0.000334,0.000235,0.000105,0.0,2.457517,806656.0,0.844,0.498,
time,nonblocking,2,200,10000,200,3,45,0,3.636931716000163,2.5072,2.4869,0.000294,0.000208,9.7e-05,0.0,2.486939,797705.0,0.842,0.489,
time,nonblocking,2,200,10000,200,4,46,0,3.659414819000176,2.5647,2.5478,0.000285,0.000131,0.00016,0.0,2.547776,779807.0,0.851,0.5,
time,nonblocking,2,200,10000,200,5,47,0,3.5748399549997885,2.4556,2.436,0.000252,0.000182,9.7e-05,0.0,2.436045,814449.0,0.844,0.495,
time,nonblocking,2,500,10000,50,1,43,0,20.063983180999912,6.4202,6.3544,0.00022,0.000149,0.000102,0.0,6.354379,778795.0,0.753,0.751,0.0
time,nonblocking,2,500,10000,50,2,44,0,8.143142610999803,6.2012,6.1423,0.000259,0.000153,0.000106,0.0,6.142265,806295.0,0.748,0.747,
time,nonblocking,2,500,10000,50,3,45,0,8.100300164000146,6.2065,6.1437,0.000311,0.000213,9.9e-05,0.0,6.14372,805604.0,0.75,0.75,
time,nonblocking,2,500,10000,50,4,46,0,8.090983635999692,6.3144,6.2515,0.134293,0.000456,0.133837,2.1,6.251549,791838.0,0.75,0.751,
time,nonblocking,2,500,10000,50,5,47,0,7.9955452439999135,6.2152,6.144,0.15587,0.000173,0.155741,2.5,6.143976,804479.0,0.749,0.75,
time,nonblocking,2,500,10000,200,1,43,0,20.247532984999907,6.476,6.4136,0.000259,0.000142,0.000119,0.0,6.413618,772084.0,0.846,0.494,0.0
time,nonblocking,2,500,10000,200,2,44,0,8.503782077000324,6.6672,6.6001,0.000257,0.000152,0.000105,0.0,6.60011,749943.0,0.845,0.492,
time,nonblocking,2,500,10000,200,3,45,0,7.713577341000018,5.9836,5.929,0.000337,0.000241,9.6e-05,0.0,5.928988,835613.0,0.846,0.494,
time,nonblocking,2,500,10000,200,4,46,0,8.148973146999651,6.3163,6.2496,0.000253,0.000155,9.8e-05,0.0,6.249602,791600.0,0.841,0.492,
time,nonblocking,2,500,10000,200,5,47,0,7.953639926000051,6.1451,6.0781,0.000471,0.000306,0.000165,0.0,6.07815,813658.0,0.845,0.493,
time,nonblocking,4,50,10000,50,1,43,0,2.5172431629998755,0.3761,0.3649,0.033569,0.000137,0.033453,8.9,0.36494,1329339.0,0.761,0.755,0.0
time,nonblocking,4,50,10000,50,2,44,0,1.2682608750001236,0.3839,0.3747,0.043312,0.00016,0.043181,11.3,0.374667,1302273.0,0.751,0.76,
time,nonblocking,4,50,10000,50,3,45,0,1.2371678409999731,0.3726,0.3668,0.033295,0.000251,0.033043,8.9,0.366825,1342038.0,0.747,0.749,
time,nonblocking,4,50,10000,50,4,46,0,1.1686486019998483,0.3552,0.3472,0.027234,0.000157,0.027132,7.7,0.347225,1407813.0,0.756,0.763,
time,nonblocking,4,50,10000,50,5,47,0,1.229974206999941,0.3954,0.3906,0.06725,0.000179,0.067144,17.0,0.390582,1264438.0,0.75,0.743,
time,nonblocking,4,50,10000,200,1,43,0,2.3067046039996058,0.3749,0.3672,0.020723,0.000295,0.020428,5.5,0.367205,1333680.0,0.839,0.485,0.0
time,nonblocking,4,50,10000,200,2,44,0,1.1996725620001598,0.3751,0.3716,0.020178,0.000116,0.020071,5.4,0.37159,1332874.0,0.841,0.495,
time,nonblocking,4,50,10000,200,3,45,0,1.1983148740000615,0.3884,0.3717,0.070355,0.000209,0.070183,18.1,0.371714,1287469.0,0.845,0.5,
time,nonblocking,4,50,10000,200,4,46,0,1.2064343740003096,0.3631,0.354,0.064014,0.000155,0.063907,17.6,0.35402,1377110.0,0.85,0.505,
time,nonblocking,4,50,10000,200,5,47,0,1.2560450000000856,0.3593,0.3429,0.046398,0.000139,0.046276,12.9,0.342925,1391620.0,0.843,0.496,
time,nonblocking,4,200,10000,50,1,43,0,7.543113207999795,1.3918,1.3546,0.073123,0.000244,0.072984,5.3,1.35462,1437020.0,0.751,0.757,0.0
time,nonblocking,4,200,10000,50,2,44,0,2.6768679530000554,1.4257,1.3623,0.139439,0.000139,0.139311,9.8,1.362308,1402867.0,0.748,0.748,
time,nonblocking,4,200,10000,50,3,45,0,2.799935878999804,1.4668,1.4431,0.250963,0.000238,0.250726,17.1,1.443111,1363491.0,0.749,0.748,
time,nonblocking,4,200,10000,50,4,46,0,2.7576423010000326,1.5198,1.5024,0.089024,0.000291,0.088915,5.9,1.502354,1315990.0,0.749,0.759,
time,nonblocking,4,200,10000,50,5,47,0,2.842596734000381,1.506,1.4833,0.125952,0.000248,0.125704,8.4,1.483292,1328002.0,0.75,0.752,
time,nonblocking,4,200,10000,200,1,43,0,7.4622903519998545,1.4303,1.3775,0.155909,0.000689,0.155758,10.9,1.377522,1398318.0,0.846,0.493,0.0
time,nonblocking,4,200,10000,200,2,44,0,2.7018665959999453,1.4203,1.4011,0.112,0.000222,0.111778,7.9,1.401131,1408159.0,0.844,0.498,
time,nonblocking,4,200,10000,200,3,45,0,2.708657884999866,1.3741,1.3564,0.113439,0.000192,0.113359,8.3,1.356428,1455519.0,0.842,0.489,
time,nonblocking,4,200,10000,200,4,46,0,2.731496897999932,1.4634,1.4427,0.161536,0.000184,0.16144,11.0,1.442727,1366686.0,0.851,0.5,
time,nonblocking,4,200,10000,200,5,47,0,2.5677720010003213,1.3601,1.342,0.118312,0.000186,0.118166,8.7,1.342046,1470451.0,0.844,0.495,
time,nonblocking,4,500,10000,50,1,43,0,18.31567901199969,3.6027,3.5185,0.051961,0.00024,0.051817,1.4,3.5185,1387844.0,0.753,0.751,0.0
time,nonblocking,4,500,10000,50,2,44,0,6.302850785999908,3.7406,3.6547,0.23112,0.000531,0.230705,6.2,3.654693,1336685.0,0.748,0.747,
time,nonblocking,4,500,10000,50,3,45,0,5.812072848999833,3.4824,3.3802,0.065085,0.00025,0.064983,1.9,3.380226,1435787.0,0.75,0.75,
time,nonblocking,4,500,10000,50,4,46,0,5.911495027000001,3.6857,3.58,0.204679,0.00023,0.20445,5.6,3.579962,1356592.0,0.75,0.751,
time,nonblocking,4,500,10000,50,5,47,0,5.733010479000313,3.4533,3.3268,0.142786,0.000257,0.142581,4.1,3.326784,1447903.0,0.749,0.75,
time,nonblocking,4,500,10000,200,1,43,0,18.114548124000066,3.5086,3.4369,0.352741,0.000257,0.35267,10.1,3.436937,1425090.0,0.846,0.494,0.0
time,nonblocking,4,500,10000,200,2,44,0,5.60847078200004,3.5407,3.4107,0.232441,0.000234,0.232284,6.6,3.410683,1412170.0,0.845,0.492,
time,nonblocking,4,500,10000,200,3,45,0,5.828588469999886,3.601,3.5465,0.354085,0.000189,0.353965,9.8,3.546453,1388490.0,0.846,0.494,
time,nonblocking,4,500,10000,200,4,46,0,6.017617903999962,3.7879,3.6837,0.200355,0.000276,0.200078,5.3,3.683678,1319980.0,0.841,0.492,
time,nonblocking,4,500,10000,200,5,47,0,5.6975335860001906,3.5242,3.457,0.069896,0.000216,0.06968,2.0,3.456962,1418759.0,0.845,0.493,
time,nonblocking,8,50,10000,50,1,43,0,2.579836935000003,0.273,0.2659,0.056336,0.00021,0.056235,20.6,0.265882,1831549.0,0.761,0.755,0.0
time,nonblocking,8,50,10000,50,2,44,0,1.2799966369998401,0.2406,0.234,0.05543,0.000159,0.055284,23.0,0.233985,2078352.0,0.751,0.76,
time,nonblocking,8,50,10000,50,3,45,0,1.2929147149998244,0.2333,0.227,0.040512,0.000152,0.040416,17.4,0.227047,2143321.0,0.747,0.749,
time,nonblocking,8,50,10000,50,4,46,0,1.2339895299996897,0.2453,0.2401,0.062784,0.000191,0.062688,25.6,0.240063,2038096.0,0.756,0.763,
time,nonblocking,8,50,10000,50,5,47,0,1.235270324999874,0.2283,0.2236,0.049483,0.000122,0.049405,21.7,0.223594,2189679.0,0.75,0.743,
time,nonblocking,8,50,10000,200,1,43,0,2.382047668999803,0.2385,0.2328,0.038521,0.000154,0.038452,16.2,0.232783,2096840.0,0.839,0.485,0.0
time,nonblocking,8,50,10000,200,2,44,0,1.347031842999968,0.2555,0.2488,0.085579,0.00029,0.085489,33.5,0.248773,1956610.0,0.841,0.495,
time,nonblocking,8,50,10000,200,3,45,0,1.2804281849998915,0.2553,0.2495,0.083641,0.000139,0.083542,32.8,0.249514,1958553.0,0.845,0.5,
time,nonblocking,8,50,10000,200,4,46,0,1.3875095470002634,0.2467,0.2408,0.056375,0.00019,0.056264,22.8,0.240792,2026460.0,0.85,0.505,
time,nonblocking,8,50,10000,200,5,47,0,1.2892688229999294,0.2593,0.2524,0.071552,0.000208,0.071451,27.6,0.25238,1927929.0,0.843,0.496,
time,nonblocking,8,200,10000,50,1,43,0,7.830272521000097,1.036,1.0099,0.15386,0.000224,0.153721,14.9,1.009929,1930533.0,0.751,0.757,0.0
time,nonblocking,8,200,10000,50,2,44,0,2.9284446029996616,1.0725,1.0458,0.119686,0.000294,0.119489,11.2,1.045793,1864810.0,0.748,0.748,
time,nonblocking,8,200,10000,50,3,45,0,2.8119339949998903,0.9308,0.9074,0.09868,0.000188,0.098621,10.6,0.907388,2148683.0,0.749,0.748,
time,nonblocking,8,200,10000,50,4,46,0,2.705636271000003,0.9736,0.9485,0.032988,0.000292,0.032847,3.4,0.948461,2054152.0,0.749,0.759,
time,nonblocking,8,200,10000,50,5,47,0,2.665802671000165,0.9592,0.9419,0.094708,0.00024,0.094523,9.9,0.94192,2084986.0,0.75,0.752,
time,nonblocking,8,200,10000,200,1,43,0,7.716767114000049,0.9841,0.9603,0.281955,0.000276,0.281781,28.6,0.960349,2032236.0,0.846,0.493,0.0
time,nonblocking,8,200,10000,200,2,44,0,2.9841083139999682,0.9357,0.8986,0.158617,0.000278,0.158346,17.0,0.898606,2137335.0,0.844,0.498,
time,nonblocking,8,200,10000,200,3,45,0,2.7206014549997235,0.9935,0.9634,0.190125,0.000328,0.189998,19.1,0.963411,2013039.0,0.842,0.489,
time,nonblocking,8,200,10000,200,4,46,0,2.5338715650000267,0.9101,0.8845,0.141635,0.000247,0.141552,15.6,0.884453,2197664.0,0.851,0.5,
time,nonblocking,8,200,10000,200,5,47,0,2.5707875230000354,0.9636,0.9394,0.200379,0.000206,0.200173,20.8,0.939416,2075458.0,0.844,0.495,
time,nonblocking,8,500,10000,50,1,43,0,18.951391736999994,2.5694,2.4321,0.188334,0.00291,0.18705,7.3,2.432095,1945988.0,0.753,0.751,0.0
time,nonblocking,8,500,10000,50,2,44,0,5.984655275000023,2.5015,2.4139,0.237649,0.000609,0.237441,9.5,2.413855,1998767.0,0.748,0.747,
time,nonblocking,8,500,10000,50,3,45,0,5.519352511999841,2.3014,2.2154,0.203986,0.000282,0.203816,8.9,2.215357,2172591.0,0.75,0.75,
time,nonblocking,8,500,10000,50,4,46,0,5.446629284999744,2.3435,2.2725,0.162814,0.00018,0.162722,6.9,2.272474,2133588.0,0.75,0.751,
time,nonblocking,8,500,10000,50,5,47,0,5.810191852999651,2.4932,2.4305,0.264435,0.000209,0.264315,10.6,2.43045,2005491.0,0.749,0.75,
time,nonblocking,8,500,10000,200,1,43,0,18.134997403000398,2.5171,2.4221,0.527566,0.000227,0.527454,21.0,2.422084,1986391.0,0.846,0.494,0.0
time,nonblocking,8,500,10000,200,2,44,0,6.05545404600025,2.574,2.4683,0.518895,0.00036,0.518746,20.2,2.468264,1942531.0,0.845,0.492,
time,nonblocking,8,500,10000,200,3,45,0,5.917099650000182,2.5649,2.4996,0.367606,0.000197,0.367466,14.3,2.499577,1949418.0,0.846,0.494,
time,nonblocking,8,500,10000,200,4,46,0,5.583879943000284,2.4026,2.3358,0.592795,0.000258,0.592654,24.7,2.335785,2081107.0,0.841,0.492,
time,nonblocking,8,500,10000,200,5,47,0,5.66102415100022,2.4155,2.3451,0.349728,0.000269,0.349584,14.5,2.345062,2069943.0,0.845,0.493,
