sensors,readings,window,trial,seed,gen_time,detect_time,total_time,total_throughput,detection_throughput,precision,recall
50,10000,50,1,43,0.1659,1.3996,1.5655,319391.0,357253.0,0.761,0.755
50,10000,50,2,44,0.1279,1.2822,1.4101,354594.0,389967.0,0.751,0.76
50,10000,50,3,45,0.1244,1.1832,1.3076,382373.0,422590.0,0.747,0.749
50,10000,50,4,46,0.1313,1.2003,1.3316,375479.0,416562.0,0.756,0.763
50,10000,50,5,47,0.1398,1.2278,1.3676,365596.0,407224.0,0.75,0.743
50,10000,200,1,43,0.1333,1.1939,1.3272,376746.0,418805.0,0.839,0.485
50,10000,200,2,44,0.1317,1.2057,1.3374,373852.0,414703.0,0.841,0.495
50,10000,200,3,45,0.1216,1.2595,1.381,362044.0,396992.0,0.845,0.5
50,10000,200,4,46,0.1309,1.1621,1.2931,386674.0,430239.0,0.85,0.505
50,10000,200,5,47,0.1322,1.1423,1.2745,392323.0,437721.0,0.843,0.496
200,10000,50,1,43,0.4447,4.8486,5.2934,377830.0,412487.0,0.751,0.757
200,10000,50,2,44,0.4154,4.7891,5.2045,384283.0,417613.0,0.748,0.748
200,10000,50,3,45,0.3909,4.821,5.2119,383738.0,414852.0,0.749,0.748
200,10000,50,4,46,0.4095,4.9789,5.3884,371165.0,401693.0,0.749,0.759
200,10000,50,5,47,0.4043,4.9704,5.3747,372111.0,402381.0,0.75,0.752
200,10000,200,1,43,0.4449,4.6798,5.1248,390260.0,427365.0,0.846,0.493
200,10000,200,2,44,0.4074,4.7731,5.1805,386065.0,419017.0,0.844,0.498
200,10000,200,3,45,0.4002,4.8464,5.2466,381198.0,412679.0,0.842,0.489
200,10000,200,4,46,0.3762,4.7834,5.1596,387626.0,418111.0,0.851,0.5
200,10000,200,5,47,0.4288,4.7914,5.2203,383121.0,417410.0,0.844,0.495
500,10000,50,1,43,1.0008,12.2955,13.2963,376044.0,406652.0,0.753,0.751
500,10000,50,2,44,0.9597,11.9956,12.9552,385945.0,416821.0,0.748,0.747
500,10000,50,3,45,1.1527,12.0935,13.2462,377467.0,413446.0,0.75,0.75
500,10000,50,4,46,1.1445,12.1544,13.2988,375973.0,411375.0,0.75,0.751
500,10000,50,5,47,1.052,12.456,13.508,370151.0,401414.0,0.749,0.75
500,10000,200,1,43,1.1313,12.1374,13.2687,376827.0,411950.0,0.846,0.494
500,10000,200,2,44,1.0566,11.643,12.6997,393711.0,429441.0,0.845,0.492
500,10000,200,3,45,1.057,12.004,13.0611,382816.0,416526.0,0.846,0.494
500,10000,200,4,46,1.0592,12.2133,13.2725,376719.0,409389.0,0.841,0.492
500,10000,200,5,47,1.0883,12.0928,13.1811,379330.0,413468.0,0.845,0.493
