partition,processes,sensors,readings,window,blocking_comm_time,nonblocking_comm_time,nonblocking_issue_time,nonblocking_wait_time,overlap_compute_time,relative_comm_time_reduction_pct
sensor,1,50,10000,50,0.00016,0.00029,0.00024,6e-05,0.91596,-84.51613
sensor,2,50,10000,50,0.02202,0.00041,0.00016,0.00021,0.48171,98.1521
sensor,4,50,10000,50,0.07575,0.15347,0.00021,0.15329,0.41994,-102.59528
sensor,8,50,10000,50,0.11488,0.08388,0.00037,0.08368,0.25406,26.9903
sensor,1,50,10000,200,0.00017,0.00022,0.00018,4e-05,0.78095,-32.7381
sensor,2,50,10000,200,0.00542,0.0037,0.00018,0.0035,0.43309,31.82657
sensor,4,50,10000,200,0.09287,0.0496,0.00025,0.04918,0.39798,46.59244
sensor,8,50,10000,200,0.09286,0.06903,0.00025,0.06879,0.25055,25.66096
sensor,1,200,10000,50,0.00017,0.0002,0.00015,4e-05,3.19421,-15.88235
sensor,2,200,10000,50,0.06745,0.00751,0.00023,0.00732,1.85088,88.8655
sensor,4,200,10000,50,0.21936,0.18291,0.00029,0.18265,1.2805,16.61644
sensor,8,200,10000,50,0.3094,0.18918,0.0005,0.18882,0.98273,38.85689
sensor,1,200,10000,200,0.00015,0.0002,0.00016,5e-05,3.13329,-35.76159
sensor,2,200,10000,200,0.02358,0.0409,0.00026,0.04063,1.96568,-73.4648
sensor,4,200,10000,200,0.16188,0.17544,0.00038,0.17511,1.25398,-8.3773
sensor,8,200,10000,200,0.20463,0.14433,0.00042,0.14403,0.93607,29.46655
sensor,1,500,10000,50,0.00026,0.00021,0.00016,4e-05,8.38781,19.76744
sensor,2,500,10000,50,0.07432,0.01496,0.00028,0.0145,5.06821,79.87729
sensor,4,500,10000,50,0.46152,0.26344,0.00049,0.26304,3.39156,42.91852
sensor,8,500,10000,50,0.30485,0.31735,0.00076,0.31686,2.54826,-4.10135
sensor,1,500,10000,200,0.00019,0.00022,0.00015,6e-05,8.3457,-17.1123
sensor,2,500,10000,200,0.1797,0.00055,0.00027,0.00025,4.88778,99.69281
sensor,4,500,10000,200,0.40478,0.21786,0.00037,0.21756,3.2776,46.1768
sensor,8,500,10000,200,0.37153,0.25987,0.00081,0.25931,2.56295,30.05375
time,1,50,10000,50,0.00019,0.0002,0.00016,4e-05,0.77349,-5.20833
time,2,50,10000,50,0.01556,0.00027,0.00014,0.0001,0.45678,98.25204
time,4,50,10000,50,0.07588,0.05708,0.00023,0.05699,0.34944,24.77596
time,8,50,10000,50,0.0669,0.05089,0.00024,0.05078,0.25559,23.92633
time,1,50,10000,200,0.00016,0.00021,0.00016,5e-05,0.82422,-29.55975
time,2,50,10000,200,0.0327,0.00022,0.00012,0.0001,0.48869,99.33032
time,4,50,10000,200,0.06677,0.08301,0.0002,0.08262,0.3697,-24.31935
time,8,50,10000,200,0.07939,0.07064,0.00018,0.07046,0.2438,11.02238
time,1,200,10000,50,0.00016,0.00029,0.00023,5e-05,3.37488,-81.36646
time,2,200,10000,50,0.07182,0.00032,0.00021,0.00011,1.8545,99.55304
time,4,200,10000,50,0.14409,0.05615,0.00023,0.05603,1.35349,61.03184
time,8,200,10000,50,0.1236,0.11664,0.00024,0.1164,0.92754,5.63511
time,1,200,10000,200,0.00016,0.00022,0.00017,4e-05,3.21214,-41.77215
time,2,200,10000,200,0.07373,0.00026,0.00015,0.00011,1.80381,99.65009
time,4,200,10000,200,0.19186,0.13311,0.00026,0.1329,1.36785,30.62393
time,8,200,10000,200,0.14792,0.16172,0.00029,0.16164,0.93473,-9.32802
time,1,500,10000,50,0.00015,0.0002,0.00015,5e-05,8.17826,-34.86842
time,2,500,10000,50,0.07872,0.00027,0.00017,0.00012,5.19996,99.65955
time,4,500,10000,50,0.35254,0.10461,0.00032,0.10444,3.65462,70.32719
time,8,500,10000,50,0.30324,0.14463,0.00032,0.14447,2.27887,52.3051
time,1,500,10000,200,0.00016,0.00023,0.00017,5e-05,8.55208,-44.3038
time,2,500,10000,200,0.24742,0.00044,0.00022,0.00013,5.24056,99.82095
time,4,500,10000,200,0.35718,0.37155,0.00023,0.37145,3.66055,-4.02202
time,8,500,10000,200,0.48615,0.44816,0.00032,0.44789,2.85474,7.81546
