sensors,readings,window,trial,seed,gen_time,detect_time,total_time,total_throughput,detection_throughput,precision,recall
50,10000,50,1,43,0.1139,0.9187,1.0326,484227.0,544244.0,0.761,0.755
50,10000,50,2,44,0.1127,0.883,0.9958,502123.0,566223.0,0.751,0.76
50,10000,50,3,45,0.1084,0.8851,0.9935,503249.0,564905.0,0.747,0.749
50,10000,50,4,46,0.0941,0.8562,0.9503,526133.0,583945.0,0.756,0.763
50,10000,50,5,47,0.0961,0.8577,0.9538,524216.0,582931.0,0.75,0.743
50,10000,200,1,43,0.0993,0.8883,0.9876,506260.0,562860.0,0.839,0.485
50,10000,200,2,44,0.1085,0.8669,0.9753,512650.0,576790.0,0.841,0.495
50,10000,200,3,45,0.1045,0.8835,0.988,506060.0,565923.0,0.845,0.5
50,10000,200,4,46,0.1102,0.912,1.0221,489180.0,548270.0,0.85,0.505
50,10000,200,5,47,0.1023,0.881,0.9833,508503.0,567529.0,0.843,0.496
200,10000,50,1,43,0.2905,3.4799,3.7704,530449.0,574728.0,0.751,0.757
200,10000,50,2,44,0.3024,3.4583,3.7606,531825.0,578327.0,0.748,0.748
200,10000,50,3,45,0.3543,3.6313,3.9856,501802.0,550764.0,0.749,0.748
200,10000,50,4,46,0.3902,3.6247,4.0149,498143.0,551766.0,0.749,0.759
200,10000,50,5,47,0.3179,3.4294,3.7472,533725.0,583200.0,0.75,0.752
200,10000,200,1,43,0.2876,3.3854,3.673,544521.0,590781.0,0.846,0.493
200,10000,200,2,44,0.3127,3.5311,3.8438,520317.0,566399.0,0.844,0.498
200,10000,200,3,45,0.3302,3.5285,3.8588,518299.0,566806.0,0.842,0.489
200,10000,200,4,46,0.3166,3.5222,3.8387,521005.0,567834.0,0.851,0.5
200,10000,200,5,47,0.3062,3.5218,3.8281,522459.0,567884.0,0.844,0.495
500,10000,50,1,43,0.7628,8.6129,9.3757,533293.0,580523.0,0.753,0.751
500,10000,50,2,44,0.7453,8.6136,9.359,534248.0,580476.0,0.748,0.747
500,10000,50,3,45,0.8033,8.9295,9.7328,513726.0,559941.0,0.75,0.75
500,10000,50,4,46,0.8013,8.929,9.7304,513855.0,559972.0,0.75,0.751
500,10000,50,5,47,0.819,8.9654,9.7844,511016.0,557699.0,0.749,0.75
500,10000,200,1,43,0.8189,8.7726,9.5916,521291.0,569955.0,0.846,0.494
500,10000,200,2,44,0.7916,8.8244,9.616,519967.0,566609.0,0.845,0.492
500,10000,200,3,45,0.8264,8.7968,9.6232,519579.0,568391.0,0.846,0.494
500,10000,200,4,46,0.9348,8.8297,9.7645,512059.0,566269.0,0.841,0.492
500,10000,200,5,47,0.752,8.8097,9.5616,522923.0,567559.0,0.845,0.493
