partition,comm,processes,sensors,readings,window,trial,seed,oversubscribed,external_wall_clock,wall_time,compute_time,comm_time,comm_issue_time,comm_wait_time,comm_share_pct,overlap_compute_time,throughput,precision,recall,mismatches_vs_sequential
sensor,blocking,1,50,10000,50,1,43,0,2.29419309199875,0.7907,0.7875,0.000132,0.000132,0.0,0.0,0.0,632371.0,0.761,0.755,0.0
sensor,blocking,1,50,10000,50,2,44,0,1.380773589000455,0.7619,0.7589,0.000136,0.000136,0.0,0.0,0.0,656286.0,0.751,0.76,
sensor,blocking,1,50,10000,50,3,45,0,1.4237342420019559,0.7886,0.785,0.000161,0.000161,0.0,0.0,0.0,634038.0,0.747,0.749,
sensor,blocking,1,50,10000,50,4,46,0,1.4174030870017305,0.7661,0.7626,0.000181,0.000181,0.0,0.0,0.0,652662.0,0.756,0.763,
sensor,blocking,1,50,10000,50,5,47,0,1.4916315480004414,0.8183,0.8147,0.000155,0.000155,0.0,0.0,0.0,610989.0,0.75,0.743,
sensor,blocking,1,50,10000,200,1,43,0,2.490912846998981,0.851,0.847,0.000182,0.000182,0.0,0.0,0.0,587524.0,0.839,0.485,0.0
sensor,blocking,1,50,10000,200,2,44,0,1.461788829001307,0.7858,0.7828,0.000124,0.000124,0.0,0.0,0.0,636257.0,0.841,0.495,
sensor,blocking,1,50,10000,200,3,45,0,1.506062768999982,0.7978,0.7935,0.000168,0.000168,0.0,0.0,0.0,626710.0,0.845,0.5,
sensor,blocking,1,50,10000,200,4,46,0,1.4837708060003933,0.7843,0.7809,0.000168,0.000168,0.0,0.0,0.0,637548.0,0.85,0.505,
sensor,blocking,1,50,10000,200,5,47,0,1.4809646460016666,0.7944,0.7893,0.000211,0.000211,0.0,0.0,0.0,629377.0,0.843,0.496,
sensor,blocking,1,200,10000,50,1,43,0,7.661722206001286,3.1284,3.1126,0.000131,0.000131,0.0,0.0,0.0,639301.0,0.751,0.757,0.0
sensor,blocking,1,200,10000,50,2,44,0,4.116966241999762,3.2112,3.1936,0.000165,0.000165,0.0,0.0,0.0,622821.0,0.748,0.748,
sensor,blocking,1,200,10000,50,3,45,0,4.153195089998917,3.262,3.2461,0.000365,0.000365,0.0,0.0,0.0,613121.0,0.749,0.748,
sensor,blocking,1,200,10000,50,4,46,0,4.242497786999593,3.2826,3.2643,0.000184,0.000184,0.0,0.0,0.0,609280.0,0.749,0.759,
sensor,blocking,1,200,10000,50,5,47,0,4.056118779000826,3.2033,3.188,0.00017,0.00017,0.0,0.0,0.0,624363.0,0.75,0.752,
sensor,blocking,1,200,10000,200,1,43,0,7.689214037000056,3.1487,3.1313,0.000144,0.000144,0.0,0.0,0.0,635184.0,0.846,0.493,0.0
sensor,blocking,1,200,10000,200,2,44,0,4.193401642998651,3.2697,3.2512,0.000192,0.000192,0.0,0.0,0.0,611671.0,0.844,0.498,
sensor,blocking,1,200,10000,200,3,45,0,3.9222434000002977,3.1018,3.0864,0.000135,0.000135,0.0,0.0,0.0,644782.0,0.842,0.489,
sensor,blocking,1,200,10000,200,4,46,0,3.8989785999983724,3.0585,3.0438,0.000318,0.000318,0.0,0.0,0.0,653916.0,0.851,0.5,
sensor,blocking,1,200,10000,200,5,47,0,3.8974601340014488,3.0643,3.0467,0.000151,0.000151,0.0,0.0,0.0,652682.0,0.844,0.495,
sensor,blocking,1,500,10000,50,1,43,0,18.467827288997796,7.991,7.9237,0.000391,0.000391,0.0,0.0,0.0,625700.0,0.753,0.751,0.0
sensor,blocking,1,500,10000,50,2,44,0,9.722011936002673,8.2549,8.1866,0.000377,0.000377,0.0,0.0,0.0,605699.0,0.748,0.747,
sensor,blocking,1,500,10000,50,3,45,0,10.195563278000918,8.7426,8.667,0.000175,0.000175,0.0,0.0,0.0,571914.0,0.75,0.75,
sensor,blocking,1,500,10000,50,4,46,0,9.676295073000801,8.1734,8.0618,0.000258,0.000258,0.0,0.0,0.0,611743.0,0.75,0.751,
sensor,blocking,1,500,10000,50,5,47,0,9.68635613099832,8.2232,8.1307,0.000191,0.000191,0.0,0.0,0.0,608035.0,0.749,0.75,
sensor,blocking,1,500,10000,200,1,43,0,18.56312075799724,8.0431,7.9403,0.000187,0.000187,0.0,0.0,0.0,621652.0,0.846,0.494,0.0
sensor,blocking,1,500,10000,200,2,44,0,9.12180462300239,7.8165,7.762,0.000243,0.000243,0.0,0.0,0.0,639669.0,0.845,0.492,
sensor,blocking,1,500,10000,200,3,45,0,9.45019511600185,8.1185,8.0537,0.000137,0.000137,0.0,0.0,0.0,615875.0,0.846,0.494,
sensor,blocking,1,500,10000,200,4,46,0,9.278362820001348,7.8924,7.8407,0.000146,0.000146,0.0,0.0,0.0,633518.0,0.841,0.492,
sensor,blocking,1,500,10000,200,5,47,0,9.040579607000836,7.7116,7.6511,0.000228,0.000228,0.0,0.0,0.0,648370.0,0.845,0.493,
sensor,blocking,2,50,10000,50,1,43,0,1.9996961149990966,0.4253,0.4194,0.004505,0.004505,0.0,1.1,0.0,1175554.0,0.761,0.755,0.0
sensor,blocking,2,50,10000,50,2,44,0,1.0675147250003647,0.4163,0.4136,0.027542,0.027542,0.0,6.6,0.0,1200916.0,0.751,0.76,
sensor,blocking,2,50,10000,50,3,45,0,1.1097576719985227,0.4329,0.4283,0.035028,0.035028,0.0,8.1,0.0,1155091.0,0.747,0.749,
sensor,blocking,2,50,10000,50,4,46,0,1.0404489460015611,0.3938,0.3913,0.006977,0.006977,0.0,1.8,0.0,1269563.0,0.756,0.763,
sensor,blocking,2,50,10000,50,5,47,0,1.0680506210010208,0.4152,0.4126,0.022025,0.022025,0.0,5.3,0.0,1204283.0,0.75,0.743,
sensor,blocking,2,50,10000,200,1,43,0,2.009148193999863,0.4199,0.4141,0.012384,0.012384,0.0,2.9,0.0,1190862.0,0.839,0.485,0.0
sensor,blocking,2,50,10000,200,2,44,0,1.0729733840016706,0.4026,0.3994,0.00542,0.00542,0.0,1.3,0.0,1241804.0,0.841,0.495,
sensor,blocking,2,50,10000,200,3,45,0,1.0996181169975898,0.4116,0.4086,0.012528,0.012528,0.0,3.0,0.0,1214836.0,0.845,0.5,
sensor,blocking,2,50,10000,200,4,46,0,1.0542657100013457,0.4017,0.3965,0.003721,0.003721,0.0,0.9,0.0,1244830.0,0.85,0.505,
sensor,blocking,2,50,10000,200,5,47,0,1.0690762490012276,0.4126,0.4094,0.001806,0.001806,0.0,0.4,0.0,1211685.0,0.843,0.496,
sensor,blocking,2,200,10000,50,1,43,0,6.39038299099775,1.6982,1.682,0.013387,0.013387,0.0,0.8,0.0,1177687.0,0.751,0.757,0.0
sensor,blocking,2,200,10000,50,2,44,0,2.7156890249971184,1.7819,1.7673,0.086392,0.086392,0.0,4.8,0.0,1122366.0,0.748,0.748,
sensor,blocking,2,200,10000,50,3,45,0,2.71210346099906,1.7718,1.7597,0.085709,0.085709,0.0,4.8,0.0,1128810.0,0.749,0.748,
sensor,blocking,2,200,10000,50,4,46,0,2.748339064000902,1.813,1.801,0.067448,0.067448,0.0,3.7,0.0,1103135.0,0.749,0.759,
sensor,blocking,2,200,10000,50,5,47,0,2.7396161739998206,1.7927,1.7704,0.013518,0.013518,0.0,0.8,0.0,1115643.0,0.75,0.752,
sensor,blocking,2,200,10000,200,1,43,0,6.4219477149999875,1.7846,1.7751,0.075581,0.075581,0.0,4.2,0.0,1120699.0,0.846,0.493,0.0
sensor,blocking,2,200,10000,200,2,44,0,2.6006936240009964,1.6722,1.6613,0.02358,0.02358,0.0,1.4,0.0,1196012.0,0.844,0.498,
sensor,blocking,2,200,10000,200,3,45,0,2.6531573700012814,1.7434,1.73,0.005336,0.005336,0.0,0.3,0.0,1147155.0,0.842,0.489,
sensor,blocking,2,200,10000,200,4,46,0,2.8365055810027116,1.8192,1.8073,0.072074,0.072074,0.0,4.0,0.0,1099369.0,0.851,0.5,
sensor,blocking,2,200,10000,200,5,47,0,2.645845045000897,1.7526,1.7348,0.009327,0.009327,0.0,0.5,0.0,1141140.0,0.844,0.495,
sensor,blocking,2,500,10000,50,1,43,0,16.070792708000226,4.7351,4.6853,0.161406,0.161406,0.0,3.4,0.0,1055954.0,0.753,0.751,0.0
sensor,blocking,2,500,10000,50,2,44,0,6.540919024999312,4.8414,4.7903,0.214895,0.214895,0.0,4.4,0.0,1032757.0,0.748,0.747,
sensor,blocking,2,500,10000,50,3,45,0,6.013849543000106,4.6019,4.5577,0.0279,0.0279,0.0,0.6,0.0,1086503.0,0.75,0.75,
sensor,blocking,2,500,10000,50,4,46,0,5.8997566559992265,4.5427,4.4843,0.019904,0.019904,0.0,0.4,0.0,1100677.0,0.75,0.751,
sensor,blocking,2,500,10000,50,5,47,0,6.395739486000821,4.7917,4.7281,0.074324,0.074324,0.0,1.6,0.0,1043467.0,0.749,0.75,
sensor,blocking,2,500,10000,200,1,43,0,15.88600312899871,4.6061,4.5613,0.179696,0.179696,0.0,3.9,0.0,1085513.0,0.846,0.494,0.0
sensor,blocking,2,500,10000,200,2,44,0,6.767144162997283,5.1919,5.14,0.173516,0.173516,0.0,3.3,0.0,963040.0,0.845,0.492,
sensor,blocking,2,500,10000,200,3,45,0,6.528340305998427,4.886,4.8351,0.186187,0.186187,0.0,3.8,0.0,1023340.0,0.846,0.494,
sensor,blocking,2,500,10000,200,4,46,0,6.206187027000851,4.6179,4.5669,0.022458,0.022458,0.0,0.5,0.0,1082737.0,0.841,0.492,
sensor,blocking,2,500,10000,200,5,47,0,6.301805970000714,4.7908,4.7373,0.216686,0.216686,0.0,4.5,0.0,1043657.0,0.845,0.493,
sensor,blocking,4,50,10000,50,1,43,0,2.169389198999852,0.3473,0.3245,0.075753,0.075753,0.0,21.8,0.0,1439648.0,0.761,0.755,0.0
sensor,blocking,4,50,10000,50,2,44,0,1.14142396799798,0.3513,0.3224,0.063388,0.063388,0.0,18.0,0.0,1423422.0,0.751,0.76,
sensor,blocking,4,50,10000,50,3,45,0,1.2267436850015656,0.3773,0.3602,0.111295,0.111295,0.0,29.5,0.0,1325324.0,0.747,0.749,
sensor,blocking,4,50,10000,50,4,46,0,1.051134961999196,0.2899,0.287,0.0336,0.0336,0.0,11.6,0.0,1724831.0,0.756,0.763,
sensor,blocking,4,50,10000,50,5,47,0,1.1278277259989409,0.3859,0.3821,0.096497,0.096497,0.0,25.0,0.0,1295619.0,0.75,0.743,
sensor,blocking,4,50,10000,200,1,43,0,2.0935189880001417,0.4252,0.4225,0.177678,0.177678,0.0,41.8,0.0,1175798.0,0.839,0.485,0.0
sensor,blocking,4,50,10000,200,2,44,0,1.0765401010030473,0.3512,0.3471,0.084695,0.084695,0.0,24.1,0.0,1423709.0,0.841,0.495,
sensor,blocking,4,50,10000,200,3,45,0,1.1264697879996675,0.3667,0.3536,0.092867,0.092867,0.0,25.3,0.0,1363503.0,0.845,0.5,
sensor,blocking,4,50,10000,200,4,46,0,1.1393361010013905,0.3316,0.3259,0.063664,0.063664,0.0,19.2,0.0,1507876.0,0.85,0.505,
sensor,blocking,4,50,10000,200,5,47,0,1.1582579860005353,0.3795,0.3608,0.127105,0.127105,0.0,33.5,0.0,1317660.0,0.843,0.496,
sensor,blocking,4,200,10000,50,1,43,0,6.393492225000955,1.277,1.2208,0.141187,0.141187,0.0,11.1,0.0,1566225.0,0.751,0.757,0.0
sensor,blocking,4,200,10000,50,2,44,0,2.4468373720010277,1.3755,1.3204,0.297629,0.297629,0.0,21.6,0.0,1454050.0,0.748,0.748,
sensor,blocking,4,200,10000,50,3,45,0,2.638615405001474,1.3661,1.2631,0.219355,0.219355,0.0,16.1,0.0,1463969.0,0.749,0.748,
sensor,blocking,4,200,10000,50,4,46,0,2.448814963998302,1.3216,1.2721,0.142232,0.142232,0.0,10.8,0.0,1513363.0,0.749,0.759,
sensor,blocking,4,200,10000,50,5,47,0,2.647889211999427,1.4949,1.4107,0.322802,0.322802,0.0,21.6,0.0,1337877.0,0.75,0.752,
sensor,blocking,4,200,10000,200,1,43,0,6.532700522999221,1.1983,1.1288,0.110941,0.110941,0.0,9.3,0.0,1669098.0,0.846,0.493,0.0
sensor,blocking,4,200,10000,200,2,44,0,2.5602845229986997,1.3638,1.2464,0.256692,0.256692,0.0,18.8,0.0,1466481.0,0.844,0.498,
sensor,blocking,4,200,10000,200,3,45,0,2.46017214099993,1.314,1.2933,0.161878,0.161878,0.0,12.3,0.0,1522064.0,0.842,0.489,
sensor,blocking,4,200,10000,200,4,46,0,2.5976713260024553,1.4353,1.3514,0.359719,0.359719,0.0,25.1,0.0,1393436.0,0.851,0.5,
sensor,blocking,4,200,10000,200,5,47,0,2.388536670998292,1.2962,1.2639,0.139056,0.139056,0.0,10.7,0.0,1542915.0,0.844,0.495,
sensor,blocking,4,500,10000,50,1,43,0,16.82423106400165,3.6679,3.5643,0.461521,0.461521,0.0,12.6,0.0,1363188.0,0.753,0.751,0.0
sensor,blocking,4,500,10000,50,2,44,0,5.9573661260001245,3.6151,3.4861,0.518178,0.518178,0.0,14.3,0.0,1383087.0,0.748,0.747,
sensor,blocking,4,500,10000,50,3,45,0,5.692403769000521,3.6098,3.4824,0.324296,0.324296,0.0,9.0,0.0,1385111.0,0.75,0.75,
sensor,blocking,4,500,10000,50,4,46,0,5.682624190001661,3.5482,3.4218,0.310544,0.310544,0.0,8.8,0.0,1409163.0,0.75,0.751,
sensor,blocking,4,500,10000,50,5,47,0,5.831496088998392,3.7362,3.4704,0.518255,0.518255,0.0,13.9,0.0,1338243.0,0.749,0.75,
sensor,blocking,4,500,10000,200,1,43,0,15.990837015997386,3.5841,3.4719,0.381413,0.381413,0.0,10.6,0.0,1395045.0,0.846,0.494,0.0
sensor,blocking,4,500,10000,200,2,44,0,5.345072277999861,3.2956,3.0306,0.344473,0.344473,0.0,10.5,0.0,1517158.0,0.845,0.492,
sensor,blocking,4,500,10000,200,3,45,0,5.477815668000403,3.376,3.1912,0.549114,0.549114,0.0,16.3,0.0,1481057.0,0.846,0.494,
sensor,blocking,4,500,10000,200,4,46,0,5.54459574700013,3.3819,3.325,0.404779,0.404779,0.0,12.0,0.0,1478463.0,0.841,0.492,
sensor,blocking,4,500,10000,200,5,47,0,5.987028619001649,3.2471,3.1791,0.425719,0.425719,0.0,13.1,0.0,1539838.0,0.845,0.493,
sensor,blocking,8,50,10000,50,1,43,0,2.5472427389977383,0.3143,0.3106,0.123228,0.123228,0.0,39.2,0.0,1590719.0,0.761,0.755,0.0
sensor,blocking,8,50,10000,50,2,44,0,1.2955809710001631,0.2947,0.2667,0.114882,0.114882,0.0,39.0,0.0,1696862.0,0.751,0.76,
sensor,blocking,8,50,10000,50,3,45,0,1.3535830040018482,0.2883,0.2731,0.11543,0.11543,0.0,40.0,0.0,1734386.0,0.747,0.749,
sensor,blocking,8,50,10000,50,4,46,0,1.2661843080022663,0.2767,0.2469,0.093493,0.093493,0.0,33.8,0.0,1806771.0,0.756,0.763,
sensor,blocking,8,50,10000,50,5,47,0,1.369312765000359,0.3054,0.2772,0.105542,0.105542,0.0,34.6,0.0,1636989.0,0.75,0.743,
sensor,blocking,8,50,10000,200,1,43,0,2.5646305059999577,0.2794,0.2505,0.088597,0.088597,0.0,31.7,0.0,1789542.0,0.839,0.485,0.0
sensor,blocking,8,50,10000,200,2,44,0,1.3461616710010276,0.2813,0.2573,0.080725,0.080725,0.0,28.7,0.0,1777635.0,0.841,0.495,
sensor,blocking,8,50,10000,200,3,45,0,1.3945636049975292,0.2936,0.246,0.104302,0.104302,0.0,35.5,0.0,1702752.0,0.845,0.5,
sensor,blocking,8,50,10000,200,4,46,0,1.3322728919993096,0.2991,0.2769,0.122928,0.122928,0.0,41.1,0.0,1671941.0,0.85,0.505,
sensor,blocking,8,50,10000,200,5,47,0,1.262067350999132,0.2743,0.2408,0.092857,0.092857,0.0,33.9,0.0,1822881.0,0.843,0.496,
sensor,blocking,8,200,10000,50,1,43,0,7.768812319001881,1.012,0.9744,0.165352,0.165352,0.0,16.3,0.0,1976191.0,0.751,0.757,0.0
sensor,blocking,8,200,10000,50,2,44,0,2.5843322210021142,0.903,0.8507,0.187366,0.187366,0.0,20.8,0.0,2214924.0,0.748,0.748,
sensor,blocking,8,200,10000,50,3,45,0,2.6390859710008954,1.0771,0.9254,0.367129,0.367129,0.0,34.1,0.0,1856823.0,0.749,0.748,
sensor,blocking,8,200,10000,50,4,46,0,2.6297699860006105,1.0311,1.0106,0.346047,0.346047,0.0,33.6,0.0,1939697.0,0.749,0.759,
sensor,blocking,8,200,10000,50,5,47,0,2.6487157459996524,0.9756,0.914,0.309402,0.309402,0.0,31.7,0.0,2050051.0,0.75,0.752,
sensor,blocking,8,200,10000,200,1,43,0,7.425871809002274,1.0057,0.9118,0.204632,0.204632,0.0,20.3,0.0,1988677.0,0.846,0.493,0.0
sensor,blocking,8,200,10000,200,2,44,0,2.7364235160021053,1.0356,0.9022,0.298473,0.298473,0.0,28.8,0.0,1931337.0,0.844,0.498,
sensor,blocking,8,200,10000,200,3,45,0,2.7017926089974935,1.0334,0.9807,0.197821,0.197821,0.0,19.1,0.0,1935275.0,0.842,0.489,
sensor,blocking,8,200,10000,200,4,46,0,2.772241934999329,1.0533,0.9706,0.262422,0.262422,0.0,24.9,0.0,1898827.0,0.851,0.5,
sensor,blocking,8,200,10000,200,5,47,0,2.6971226040004694,0.9609,0.898,0.161042,0.161042,0.0,16.8,0.0,2081392.0,0.844,0.495,
sensor,blocking,8,500,10000,50,1,43,0,21.783279997001955,2.6246,2.4038,0.401117,0.401117,0.0,15.3,0.0,1905027.0,0.753,0.751,0.0
sensor,blocking,8,500,10000,50,2,44,0,6.763163814997824,2.7213,2.585,0.282848,0.282848,0.0,10.4,0.0,1837358.0,0.748,0.747,
sensor,blocking,8,500,10000,50,3,45,0,6.001694902002782,2.6326,2.5261,0.282,0.282,0.0,10.7,0.0,1899229.0,0.75,0.75,
sensor,blocking,8,500,10000,50,4,46,0,5.815114449000248,2.509,2.361,0.304851,0.304851,0.0,12.2,0.0,1992839.0,0.75,0.751,
sensor,blocking,8,500,10000,50,5,47,0,5.67204626199964,2.4635,2.2809,0.337362,0.337362,0.0,13.7,0.0,2029621.0,0.749,0.75,
sensor,blocking,8,500,10000,200,1,43,0,21.280268879003415,2.7864,2.6275,0.214897,0.214897,0.0,7.7,0.0,1794457.0,0.846,0.494,0.0
sensor,blocking,8,500,10000,200,2,44,0,6.45700873199894,2.8093,2.6923,0.371531,0.371531,0.0,13.2,0.0,1779809.0,0.845,0.492,
sensor,blocking,8,500,10000,200,3,45,0,6.313379613999132,2.5223,2.3207,0.419694,0.419694,0.0,16.6,0.0,1982322.0,0.846,0.494,
sensor,blocking,8,500,10000,200,4,46,0,6.282086541999888,2.682,2.6032,0.382113,0.382113,0.0,14.2,0.0,1864264.0,0.841,0.492,
sensor,blocking,8,500,10000,200,5,47,0,6.108282635999785,2.5661,2.4118,0.248836,0.248836,0.0,9.7,0.0,1948454.0,0.845,0.493,
sensor,nonblocking,1,50,10000,50,1,43,0,2.9654508530002204,1.1046,1.0978,0.000429,0.00033,0.0001,0.0,1.09777,452633.0,0.761,0.755,0.0
sensor,nonblocking,1,50,10000,50,2,44,0,1.647466522998002,0.894,0.8898,0.000222,0.000162,6e-05,0.0,0.889829,559312.0,0.751,0.76,
sensor,nonblocking,1,50,10000,50,3,45,0,1.6825955000022077,0.9755,0.9712,0.000347,0.00029,5.7e-05,0.0,0.971236,512558.0,0.747,0.749,
sensor,nonblocking,1,50,10000,50,4,46,0,1.69396031100041,0.9205,0.916,0.000261,0.00021,5e-05,0.0,0.915956,543203.0,0.756,0.763,
sensor,nonblocking,1,50,10000,50,5,47,0,1.6617076119982812,0.8756,0.8709,0.000286,0.000239,4.7e-05,0.0,0.870947,571055.0,0.75,0.743,
sensor,nonblocking,1,50,10000,200,1,43,0,2.308370212002046,0.7612,0.7577,0.000223,0.000178,4.5e-05,0.0,0.757742,656864.0,0.839,0.485,0.0
sensor,nonblocking,1,50,10000,200,2,44,0,1.4417584820002958,0.814,0.8106,0.000195,0.000148,4.7e-05,0.0,0.810604,614258.0,0.841,0.495,
sensor,nonblocking,1,50,10000,200,3,45,0,1.4423127790032595,0.7841,0.7809,0.000168,0.000125,4.3e-05,0.0,0.780947,637697.0,0.845,0.5,
sensor,nonblocking,1,50,10000,200,4,46,0,1.6757709129997238,0.9403,0.9305,0.000598,0.000492,0.000106,0.1,0.930511,531768.0,0.85,0.505,
sensor,nonblocking,1,50,10000,200,5,47,0,1.6000514160004968,0.7808,0.777,0.000282,0.000238,4.4e-05,0.0,0.776969,640374.0,0.843,0.496,
sensor,nonblocking,1,200,10000,50,1,43,0,7.643750069000816,3.1075,3.0922,0.000196,0.000149,4.6e-05,0.0,3.092201,643614.0,0.751,0.757,0.0
sensor,nonblocking,1,200,10000,50,2,44,0,4.084655077000207,3.228,3.2136,0.000188,0.000145,4.3e-05,0.0,3.213618,619578.0,0.748,0.748,
sensor,nonblocking,1,200,10000,50,3,45,0,4.038214335003431,3.2091,3.1942,0.000197,0.000154,4.2e-05,0.0,3.194207,623229.0,0.749,0.748,
sensor,nonblocking,1,200,10000,50,4,46,0,3.9099522450014774,3.0919,3.0767,0.000227,0.000183,4.4e-05,0.0,3.076651,646849.0,0.749,0.759,
sensor,nonblocking,1,200,10000,50,5,47,0,4.051442241998302,3.2125,3.1978,0.000206,0.000163,4.3e-05,0.0,3.197814,622567.0,0.75,0.752,
sensor,nonblocking,1,200,10000,200,1,43,0,7.601408370999707,3.1485,3.1333,0.000205,0.000162,4.2e-05,0.0,3.133294,635215.0,0.846,0.493,0.0
sensor,nonblocking,1,200,10000,200,2,44,0,3.9755657999994582,3.1121,3.0977,0.000197,0.000151,4.6e-05,0.0,3.097665,642648.0,0.844,0.498,
sensor,nonblocking,1,200,10000,200,3,45,0,4.3179830750013934,3.4087,3.388,0.000236,0.000184,5.2e-05,0.0,3.388023,586729.0,0.842,0.489,
sensor,nonblocking,1,200,10000,200,4,46,0,3.930522873000882,3.0746,3.0598,0.000197,0.000153,4.4e-05,0.0,3.059833,650490.0,0.851,0.5,
sensor,nonblocking,1,200,10000,200,5,47,0,4.0365185599985125,3.1738,3.1555,0.000261,0.000205,5.5e-05,0.0,3.155483,630155.0,0.844,0.495,
sensor,nonblocking,1,500,10000,50,1,43,0,19.518993626999873,8.3981,8.3399,0.000219,0.000176,4.3e-05,0.0,8.339857,595375.0,0.753,0.751,0.0
sensor,nonblocking,1,500,10000,50,2,44,0,10.004476541998883,8.6862,8.6329,0.000205,0.000145,6e-05,0.0,8.632923,575623.0,0.748,0.747,
sensor,nonblocking,1,500,10000,50,3,45,0,9.456900090001,8.1066,8.0548,0.000203,0.000158,4.5e-05,0.0,8.054803,616781.0,0.75,0.75,
sensor,nonblocking,1,500,10000,50,4,46,0,10.000084895000327,8.4788,8.4262,0.000207,0.000163,4.4e-05,0.0,8.426196,589708.0,0.75,0.751,
sensor,nonblocking,1,500,10000,50,5,47,0,9.89843934899909,8.442,8.3878,0.000259,0.000199,6e-05,0.0,8.387808,592275.0,0.749,0.75,
sensor,nonblocking,1,500,10000,200,1,43,0,18.816265473000385,8.4245,8.3729,0.000263,0.000204,5.9e-05,0.0,8.372938,593508.0,0.846,0.494,0.0
sensor,nonblocking,1,500,10000,200,2,44,0,9.758326013001351,8.409,8.3457,0.000234,0.000169,6.5e-05,0.0,8.3457,594601.0,0.845,0.492,
sensor,nonblocking,1,500,10000,200,3,45,0,9.762668922001467,8.3822,8.3245,0.000196,0.000147,5e-05,0.0,8.324467,596500.0,0.846,0.494,
sensor,nonblocking,1,500,10000,200,4,46,0,9.882100527000148,8.5171,8.4601,0.000219,0.000149,7e-05,0.0,8.460139,587057.0,0.841,0.492,
sensor,nonblocking,1,500,10000,200,5,47,0,9.64425348000077,8.3114,8.263,0.000181,0.000138,4.2e-05,0.0,8.262977,601585.0,0.845,0.493,
sensor,nonblocking,2,50,10000,50,1,43,0,2.04178209499878,0.4844,0.4817,0.000305,0.000159,0.00016,0.1,0.481706,1032288.0,0.761,0.755,0.0
sensor,nonblocking,2,50,10000,50,2,44,0,1.178064796000399,0.5386,0.5357,0.000407,0.000195,0.000212,0.1,0.535653,928351.0,0.751,0.76,
sensor,nonblocking,2,50,10000,50,3,45,0,1.230051957998512,0.4909,0.4881,0.005141,0.000157,0.004998,1.0,0.488138,1018640.0,0.747,0.749,
sensor,nonblocking,2,50,10000,50,4,46,0,1.0357960190012818,0.4108,0.408,0.000843,0.000144,0.0007,0.2,0.408034,1217232.0,0.756,0.763,
sensor,nonblocking,2,50,10000,50,5,47,0,1.0579753430029086,0.4246,0.4223,0.000298,0.000144,0.000175,0.1,0.422262,1177472.0,0.75,0.743,
sensor,nonblocking,2,50,10000,200,1,43,0,1.9588306190016738,0.4358,0.4331,0.000319,0.000202,0.000137,0.1,0.433086,1147233.0,0.839,0.485,0.0
sensor,nonblocking,2,50,10000,200,2,44,0,1.0613116349995835,0.4203,0.4177,0.015841,0.000169,0.015672,3.8,0.417737,1189660.0,0.841,0.495,
sensor,nonblocking,2,50,10000,200,3,45,0,1.0573926390025008,0.426,0.4234,0.016799,0.000181,0.016618,3.9,0.423351,1173712.0,0.845,0.5,
sensor,nonblocking,2,50,10000,200,4,46,0,1.3045175840015872,0.5496,0.5462,0.003695,0.000192,0.003503,0.7,0.54623,909786.0,0.85,0.505,
sensor,nonblocking,2,50,10000,200,5,47,0,1.1252100150013575,0.4922,0.49,0.000268,0.000152,0.00014,0.1,0.48997,1015837.0,0.843,0.496,
sensor,nonblocking,2,200,10000,50,1,43,0,6.40758801300035,1.8624,1.8509,0.069487,0.000261,0.069292,3.7,1.850875,1073902.0,0.751,0.757,0.0
sensor,nonblocking,2,200,10000,50,2,44,0,2.6624603439995553,1.7881,1.7774,0.094553,0.000222,0.094331,5.3,1.777409,1118507.0,0.748,0.748,
sensor,nonblocking,2,200,10000,50,3,45,0,2.7216928449997795,1.8505,1.8404,0.000421,0.000228,0.000193,0.0,1.84036,1080813.0,0.749,0.748,
sensor,nonblocking,2,200,10000,50,4,46,0,2.862031650998688,1.8809,1.8701,0.00751,0.000224,0.007316,0.4,1.870116,1063331.0,0.749,0.759,
sensor,nonblocking,2,200,10000,50,5,47,0,3.1227903819999483,2.209,2.1995,0.000445,0.000266,0.00018,0.0,2.199509,905393.0,0.75,0.752,
sensor,nonblocking,2,200,10000,200,1,43,0,6.633393642001465,1.8983,1.8864,0.084947,0.000229,0.084753,4.5,1.88644,1053600.0,0.846,0.493,0.0
sensor,nonblocking,2,200,10000,200,2,44,0,3.102811234002729,2.0781,2.0604,0.011114,0.000447,0.010807,0.5,2.060426,962435.0,0.844,0.498,
sensor,nonblocking,2,200,10000,200,3,45,0,3.128083253002842,2.1279,2.1183,0.000471,0.000222,0.000263,0.0,2.11833,939911.0,0.842,0.489,
sensor,nonblocking,2,200,10000,200,4,46,0,2.9970939720005845,1.9774,1.9657,0.11212,0.000256,0.111864,5.7,1.965681,1011419.0,0.851,0.5,
sensor,nonblocking,2,200,10000,200,5,47,0,2.8249719429986726,1.8718,1.859,0.040903,0.000274,0.04063,2.2,1.858977,1068500.0,0.844,0.495,
sensor,nonblocking,2,500,10000,50,1,43,0,16.565277222998702,5.2517,5.2167,0.000454,0.000276,0.000178,0.0,5.216689,952065.0,0.753,0.751,0.0
sensor,nonblocking,2,500,10000,50,2,44,0,6.670470427001419,5.149,5.1014,0.068264,0.000226,0.068038,1.3,5.101409,971063.0,0.748,0.747,
sensor,nonblocking,2,500,10000,50,3,45,0,6.434039722000307,4.9264,4.8896,0.000539,0.00043,0.000163,0.0,4.889608,1014944.0,0.75,0.75,
sensor,nonblocking,2,500,10000,50,4,46,0,6.788514530999237,5.1391,5.0682,0.014956,0.000452,0.014504,0.3,5.068211,972935.0,0.75,0.751,
sensor,nonblocking,2,500,10000,50,5,47,0,6.398303809000936,4.8361,4.7895,0.015092,0.000209,0.014883,0.3,4.789534,1033898.0,0.749,0.75,
sensor,nonblocking,2,500,10000,200,1,43,0,16.6872593099979,4.6386,4.5826,0.000366,0.000228,0.000163,0.0,4.58258,1077908.0,0.846,0.494,0.0
sensor,nonblocking,2,500,10000,200,2,44,0,7.352819537001778,5.6089,5.5581,0.000552,0.000303,0.000249,0.0,5.558052,891439.0,0.845,0.492,
sensor,nonblocking,2,500,10000,200,3,45,0,6.550199089000671,4.9351,4.8878,0.249516,0.000275,0.24924,5.1,4.887782,1013149.0,0.846,0.494,
sensor,nonblocking,2,500,10000,200,4,46,0,6.568738993999432,4.9046,4.8541,0.000399,0.000268,0.000202,0.0,4.85407,1019451.0,0.841,0.492,
sensor,nonblocking,2,500,10000,200,5,47,0,6.639239481999539,5.0682,5.0214,0.210654,0.000258,0.210396,4.2,5.021377,986544.0,0.845,0.493,
sensor,nonblocking,4,50,10000,50,1,43,0,2.1158333819985273,0.307,0.2971,0.029763,0.000156,0.029623,9.7,0.297113,1628582.0,0.761,0.755,0.0
sensor,nonblocking,4,50,10000,50,2,44,0,1.164493328997196,0.4451,0.441,0.162042,0.000186,0.16188,36.4,0.441039,1123288.0,0.751,0.76,
sensor,nonblocking,4,50,10000,50,3,45,0,1.2760836169982213,0.4166,0.3863,0.071617,0.000266,0.0714,17.2,0.386295,1200198.0,0.747,0.749,
sensor,nonblocking,4,50,10000,50,4,46,0,1.2590262630001234,0.4526,0.4199,0.153472,0.000225,0.153295,33.9,0.419942,1104685.0,0.756,0.763,
sensor,nonblocking,4,50,10000,50,5,47,0,1.1779797969975334,0.4619,0.4473,0.195297,0.000208,0.195126,42.3,0.447286,1082444.0,0.75,0.743,
sensor,nonblocking,4,50,10000,200,1,43,0,2.3065640770000755,0.3672,0.3526,0.042297,0.000203,0.042094,11.5,0.352643,1361696.0,0.839,0.485,0.0
sensor,nonblocking,4,50,10000,200,2,44,0,1.0751967889991647,0.3232,0.3143,0.057248,0.000251,0.056997,17.7,0.314324,1546971.0,0.841,0.495,
sensor,nonblocking,4,50,10000,200,3,45,0,1.5175325720010733,0.5479,0.5325,0.046275,0.000498,0.045911,8.4,0.532548,912501.0,0.845,0.5,
sensor,nonblocking,4,50,10000,200,4,46,0,1.6394462940006633,0.4697,0.4657,0.049598,0.000422,0.049176,10.6,0.465684,1064590.0,0.85,0.505,
sensor,nonblocking,4,50,10000,200,5,47,0,1.182582186997024,0.4061,0.398,0.113435,0.000244,0.113253,27.9,0.397979,1231243.0,0.843,0.496,
sensor,nonblocking,4,200,10000,50,1,43,0,7.629471600001125,1.3229,1.2805,0.075085,0.000409,0.074689,5.7,1.280497,1511800.0,0.751,0.757,0.0
sensor,nonblocking,4,200,10000,50,2,44,0,2.5835074499991606,1.4037,1.3475,0.182906,0.000265,0.182648,13.0,1.347484,1424780.0,0.748,0.748,
sensor,nonblocking,4,200,10000,50,3,45,0,2.4356344289990375,1.3271,1.2506,0.080944,0.000289,0.080726,6.1,1.250591,1506989.0,0.749,0.748,
sensor,nonblocking,4,200,10000,50,4,46,0,2.526310616001865,1.4281,1.4209,0.380806,0.000296,0.380528,26.7,1.420942,1400477.0,0.749,0.759,
sensor,nonblocking,4,200,10000,50,5,47,0,2.4307610299983935,1.3404,1.245,0.196841,0.000285,0.196601,14.7,1.245046,1492062.0,0.75,0.752,
sensor,nonblocking,4,200,10000,200,1,43,0,5.933391597998707,1.1011,1.0949,0.060163,0.000257,0.059906,5.5,1.094933,1816310.0,0.846,0.493,0.0
sensor,nonblocking,4,200,10000,200,2,44,0,2.295738625998638,1.1449,1.1082,0.0626,0.000647,0.062144,5.5,1.108204,1746812.0,0.844,0.498,
sensor,nonblocking,4,200,10000,200,3,45,0,2.5383098279999103,1.2962,1.254,0.175439,0.000458,0.17511,13.5,1.253976,1542918.0,0.842,0.489,
sensor,nonblocking,4,200,10000,200,4,46,0,2.639117595001153,1.4068,1.3937,0.32738,0.000308,0.327072,23.3,1.393718,1421641.0,0.851,0.5,
sensor,nonblocking,4,200,10000,200,5,47,0,2.6112697120006487,1.4845,1.4762,0.300803,0.000381,0.300459,20.3,1.476156,1347237.0,0.844,0.495,
sensor,nonblocking,4,500,10000,50,1,43,0,18.987149975997454,4.3104,4.1987,0.139663,0.000488,0.139175,3.2,4.198727,1159977.0,0.753,0.751,0.0
sensor,nonblocking,4,500,10000,50,2,44,0,5.696283609999227,3.4612,3.3633,0.272742,0.00068,0.27233,7.9,3.363322,1444573.0,0.748,0.747,
sensor,nonblocking,4,500,10000,50,3,45,0,6.137364097001409,3.9967,3.9033,0.173216,0.000491,0.172792,4.3,3.903343,1251034.0,0.75,0.75,
sensor,nonblocking,4,500,10000,50,4,46,0,5.594977631000802,3.5038,3.3818,0.372047,0.000393,0.371746,10.6,3.38178,1427016.0,0.75,0.751,
sensor,nonblocking,4,500,10000,50,5,47,0,5.409886446999735,3.4499,3.3916,0.263443,0.000455,0.263035,7.6,3.391557,1449321.0,0.749,0.75,
sensor,nonblocking,4,500,10000,200,1,43,0,15.829149418997986,3.3812,3.2776,0.088299,0.000366,0.088063,2.6,3.277598,1478760.0,0.846,0.494,0.0
sensor,nonblocking,4,500,10000,200,2,44,0,5.692757967000944,3.461,3.3731,0.264043,0.000365,0.263677,7.6,3.373063,1444682.0,0.845,0.492,
sensor,nonblocking,4,500,10000,200,3,45,0,5.520470795003348,3.2659,3.1603,0.217865,0.000387,0.217558,6.7,3.16027,1530948.0,0.846,0.494,
sensor,nonblocking,4,500,10000,200,4,46,0,5.464535694998631,3.4134,3.2549,0.138945,0.000322,0.138636,4.1,3.254928,1464820.0,0.841,0.492,
sensor,nonblocking,4,500,10000,200,5,47,0,6.434494024000742,4.0123,3.9109,0.295751,0.000454,0.295297,7.4,3.910881,1246153.0,0.845,0.493,
sensor,nonblocking,8,50,10000,50,1,43,0,2.8977518510000664,0.303,0.2541,0.079121,0.000373,0.078806,26.1,0.254059,1649917.0,0.761,0.755,0.0
sensor,nonblocking,8,50,10000,50,2,44,0,1.3735447580002074,0.2704,0.2427,0.082302,0.00039,0.082069,30.4,0.242656,1849143.0,0.751,0.76,
sensor,nonblocking,8,50,10000,50,3,45,0,1.3746183589973953,0.2692,0.261,0.083875,0.000313,0.083682,31.2,0.261037,1857694.0,0.747,0.749,
sensor,nonblocking,8,50,10000,50,4,46,0,1.305447857001127,0.2644,0.2394,0.088047,0.00045,0.087824,33.3,0.239418,1891111.0,0.756,0.763,
sensor,nonblocking,8,50,10000,50,5,47,0,1.3535423449975497,0.2894,0.256,0.101396,0.000337,0.101133,35.0,0.256033,1727490.0,0.75,0.743,
sensor,nonblocking,8,50,10000,200,1,43,0,2.7155901580008504,0.2835,0.257,0.069029,0.000268,0.068794,24.4,0.257014,1763940.0,0.839,0.485,0.0
sensor,nonblocking,8,50,10000,200,2,44,0,1.4315761930010922,0.2783,0.2506,0.072801,0.000271,0.072587,26.2,0.250551,1796674.0,0.841,0.495,
sensor,nonblocking,8,50,10000,200,3,45,0,1.3622837660004734,0.2655,0.2413,0.060009,0.000238,0.059812,22.6,0.241346,1883469.0,0.845,0.5,
sensor,nonblocking,8,50,10000,200,4,46,0,1.3479393260022334,0.2413,0.2298,0.055202,0.000249,0.054977,22.9,0.229827,2072256.0,0.85,0.505,
sensor,nonblocking,8,50,10000,200,5,47,0,1.2942146620007406,0.2661,0.2516,0.078743,0.000208,0.078549,29.6,0.251622,1878911.0,0.843,0.496,
sensor,nonblocking,8,200,10000,50,1,43,0,8.052181593997375,0.991,0.9425,0.209704,0.000625,0.209256,21.2,0.942462,2018096.0,0.751,0.757,0.0
sensor,nonblocking,8,200,10000,50,2,44,0,2.922485588998825,0.9961,0.9655,0.079124,0.000396,0.078888,7.9,0.965491,2007896.0,0.748,0.748,
sensor,nonblocking,8,200,10000,50,3,45,0,2.8156987390029826,1.0528,0.9827,0.189178,0.000475,0.188816,18.0,0.982726,1899770.0,0.749,0.748,
sensor,nonblocking,8,200,10000,50,4,46,0,4.2767312520009,2.3407,2.2591,0.321742,0.000724,0.321304,13.7,2.259095,854437.0,0.749,0.759,
sensor,nonblocking,8,200,10000,50,5,47,0,2.8366623590009112,1.0674,1.0029,0.148528,0.000499,0.14814,13.9,1.002935,1873796.0,0.75,0.752,
sensor,nonblocking,8,200,10000,200,1,43,0,7.729982177999773,0.9768,0.9137,0.144334,0.000388,0.14403,14.8,0.913662,2047553.0,0.846,0.493,0.0
sensor,nonblocking,8,200,10000,200,2,44,0,2.659922553000797,1.0093,0.9361,0.155272,0.000415,0.155067,15.4,0.936071,1981508.0,0.844,0.498,
sensor,nonblocking,8,200,10000,200,3,45,0,2.590792805000092,1.0234,0.9731,0.187701,0.000502,0.187225,18.3,0.973133,1954305.0,0.842,0.489,
sensor,nonblocking,8,200,10000,200,4,46,0,2.7539680390000285,0.9922,0.921,0.129591,0.000467,0.129253,13.1,0.921008,2015798.0,0.851,0.5,
sensor,nonblocking,8,200,10000,200,5,47,0,2.9168158889988263,1.0268,0.9575,0.125509,0.000414,0.125095,12.2,0.957496,1947859.0,0.844,0.495,
sensor,nonblocking,8,500,10000,50,1,43,0,20.03885833000095,2.6227,2.5483,0.2194,0.001353,0.218802,8.4,2.548265,1906407.0,0.753,0.751,0.0
sensor,nonblocking,8,500,10000,50,2,44,0,6.382793024000421,2.6405,2.5114,0.37594,0.000855,0.375085,14.2,2.511385,1893602.0,0.748,0.747,
sensor,nonblocking,8,500,10000,50,3,45,0,5.889667961000669,2.4926,2.3321,0.334854,0.000534,0.334475,13.4,2.3321,2005912.0,0.75,0.75,
sensor,nonblocking,8,500,10000,50,4,46,0,7.036804900999414,3.147,3.0225,0.317354,0.000574,0.316865,10.1,3.022452,1588809.0,0.75,0.751,
sensor,nonblocking,8,500,10000,50,5,47,0,6.823338234000403,2.88,2.7056,0.254453,0.000762,0.254014,8.8,2.70555,1736125.0,0.749,0.75,
sensor,nonblocking,8,500,10000,200,1,43,0,19.811491083000874,2.9875,2.8455,0.409827,0.000939,0.409098,13.7,2.845514,1673668.0,0.846,0.494,0.0
sensor,nonblocking,8,500,10000,200,2,44,0,6.592593884997768,2.7083,2.5629,0.185988,0.000665,0.185323,6.9,2.56295,1846205.0,0.845,0.492,
sensor,nonblocking,8,500,10000,200,3,45,0,5.76183403899995,2.2574,2.1138,0.25403,0.000398,0.253631,11.3,2.113823,2214917.0,0.846,0.494,
sensor,nonblocking,8,500,10000,200,4,46,0,6.12837942799888,2.4555,2.3674,0.259872,0.00081,0.259314,10.6,2.36736,2036248.0,0.841,0.492,
sensor,nonblocking,8,500,10000,200,5,47,0,8.169915407001099,2.9287,2.7376,0.313621,0.001783,0.312621,10.7,2.737608,1707233.0,0.845,0.493,
time,blocking,1,50,10000,50,1,43,0,2.564228830000502,0.8885,0.884,0.000192,0.000192,0.0,0.0,0.0,562720.0,0.761,0.755,0.0
time,blocking,1,50,10000,50,2,44,0,1.404158812998503,0.7795,0.776,0.000183,0.000183,0.0,0.0,0.0,641409.0,0.751,0.76,
time,blocking,1,50,10000,50,3,45,0,1.5620055210019927,0.8928,0.8881,0.000221,0.000221,0.0,0.0,0.0,560024.0,0.747,0.749,
time,blocking,1,50,10000,50,4,46,0,1.7681938850000734,1.119,1.1142,0.000209,0.000209,0.0,0.0,0.0,446810.0,0.756,0.763,
time,blocking,1,50,10000,50,5,47,0,1.6122458999998344,0.8943,0.8906,0.000148,0.000148,0.0,0.0,0.0,559077.0,0.75,0.743,
time,blocking,1,50,10000,200,1,43,0,2.336770838999655,0.7649,0.7615,0.000134,0.000134,0.0,0.0,0.0,653692.0,0.839,0.485,0.0
time,blocking,1,50,10000,200,2,44,0,1.538994204998744,0.9066,0.9031,0.000149,0.000149,0.0,0.0,0.0,551533.0,0.841,0.495,
time,blocking,1,50,10000,200,3,45,0,1.5619711270010157,0.909,0.9034,0.000166,0.000166,0.0,0.0,0.0,550070.0,0.845,0.5,
time,blocking,1,50,10000,200,4,46,0,1.7597561020011199,1.0318,1.0272,0.000188,0.000188,0.0,0.0,0.0,484583.0,0.85,0.505,
time,blocking,1,50,10000,200,5,47,0,1.665284435999638,0.9447,0.9407,0.000159,0.000159,0.0,0.0,0.0,529293.0,0.843,0.496,
time,blocking,1,200,10000,50,1,43,0,7.576502985000843,3.1459,3.1306,0.00015,0.00015,0.0,0.0,0.0,635752.0,0.751,0.757,0.0
time,blocking,1,200,10000,50,2,44,0,4.297882625000057,3.3986,3.382,0.000314,0.000314,0.0,0.0,0.0,588471.0,0.748,0.748,
time,blocking,1,200,10000,50,3,45,0,3.968174280002131,3.0951,3.077,0.000169,0.000169,0.0,0.0,0.0,646182.0,0.749,0.748,
time,blocking,1,200,10000,50,4,46,0,3.8837866889989527,3.0736,3.0594,0.000143,0.000143,0.0,0.0,0.0,650709.0,0.749,0.759,
time,blocking,1,200,10000,50,5,47,0,4.052159640999889,3.2186,3.2035,0.000161,0.000161,0.0,0.0,0.0,621392.0,0.75,0.752,
time,blocking,1,200,10000,200,1,43,0,7.391335772997991,3.1033,3.0847,0.000208,0.000208,0.0,0.0,0.0,644475.0,0.846,0.493,0.0
time,blocking,1,200,10000,200,2,44,0,3.8678815719977138,3.0559,3.0395,0.000142,0.000142,0.0,0.0,0.0,654477.0,0.844,0.498,
time,blocking,1,200,10000,200,3,45,0,4.03882192400124,3.153,3.1386,0.000163,0.000163,0.0,0.0,0.0,634310.0,0.842,0.489,
time,blocking,1,200,10000,200,4,46,0,3.9183054589993844,3.0918,3.076,0.000158,0.000158,0.0,0.0,0.0,646874.0,0.851,0.5,
time,blocking,1,200,10000,200,5,47,0,3.9272045340003388,3.1066,3.0917,0.000155,0.000155,0.0,0.0,0.0,643781.0,0.844,0.495,
time,blocking,1,500,10000,50,1,43,0,17.741717335997237,7.7797,7.7342,0.000152,0.000152,0.0,0.0,0.0,642697.0,0.753,0.751,0.0
time,blocking,1,500,10000,50,2,44,0,9.012269978000404,7.7225,7.6753,0.00014,0.00014,0.0,0.0,0.0,647460.0,0.748,0.747,
time,blocking,1,500,10000,50,3,45,0,9.037341521998314,7.7371,7.692,0.00014,0.00014,0.0,0.0,0.0,646239.0,0.75,0.75,
time,blocking,1,500,10000,50,4,46,0,9.159156108002207,7.866,7.8231,0.000187,0.000187,0.0,0.0,0.0,635644.0,0.75,0.751,
time,blocking,1,500,10000,50,5,47,0,9.05988968100064,7.7722,7.7258,0.000169,0.000169,0.0,0.0,0.0,643316.0,0.749,0.75,
time,blocking,1,500,10000,200,1,43,0,18.100145530999725,7.9217,7.8751,0.000166,0.000166,0.0,0.0,0.0,631175.0,0.846,0.494,0.0
time,blocking,1,500,10000,200,2,44,0,8.97922686200036,7.6787,7.6333,0.000158,0.000158,0.0,0.0,0.0,651155.0,0.845,0.492,
time,blocking,1,500,10000,200,3,45,0,11.569451530998776,9.9377,9.8556,0.000214,0.000214,0.0,0.0,0.0,503133.0,0.846,0.494,
time,blocking,1,500,10000,200,4,46,0,10.11139569900115,8.5403,8.4931,0.000137,0.000137,0.0,0.0,0.0,585458.0,0.841,0.492,
time,blocking,1,500,10000,200,5,47,0,9.474062880999554,7.9939,7.9425,0.000134,0.000134,0.0,0.0,0.0,625479.0,0.845,0.493,
time,blocking,2,50,10000,50,1,43,0,2.0804285849990265,0.4654,0.4614,0.026041,0.026041,0.0,5.6,0.0,1074240.0,0.761,0.755,0.0
time,blocking,2,50,10000,50,2,44,0,1.1000073879986303,0.4475,0.4436,0.026578,0.026578,0.0,5.9,0.0,1117249.0,0.751,0.76,
time,blocking,2,50,10000,50,3,45,0,1.1371399960007693,0.4612,0.4517,0.006683,0.006683,0.0,1.4,0.0,1084032.0,0.747,0.749,
time,blocking,2,50,10000,50,4,46,0,1.1679579629999353,0.5093,0.4961,0.009162,0.009162,0.0,1.8,0.0,981792.0,0.756,0.763,
time,blocking,2,50,10000,50,5,47,0,1.1999918529982097,0.5153,0.5115,0.015561,0.015561,0.0,3.0,0.0,970380.0,0.75,0.743,
time,blocking,2,50,10000,200,1,43,0,2.493413670999871,0.5674,0.5624,0.025961,0.025961,0.0,4.6,0.0,881272.0,0.839,0.485,0.0
time,blocking,2,50,10000,200,2,44,0,1.4992702430026839,0.6048,0.5977,0.053549,0.053549,0.0,8.9,0.0,826701.0,0.841,0.495,
time,blocking,2,50,10000,200,3,45,0,1.4111300980002852,0.5281,0.5229,0.045156,0.045156,0.0,8.6,0.0,946779.0,0.845,0.5,
time,blocking,2,50,10000,200,4,46,0,1.1377146650011127,0.4561,0.4422,0.018141,0.018141,0.0,4.0,0.0,1096264.0,0.85,0.505,
time,blocking,2,50,10000,200,5,47,0,1.1369069549982669,0.47,0.4653,0.032702,0.032702,0.0,7.0,0.0,1063877.0,0.843,0.496,
time,blocking,2,200,10000,50,1,43,0,7.904719349000516,2.2576,2.2028,0.071819,0.071819,0.0,3.2,0.0,885890.0,0.751,0.757,0.0
time,blocking,2,200,10000,50,2,44,0,2.7940592909981206,1.8556,1.8376,0.083579,0.083579,0.0,4.5,0.0,1077840.0,0.748,0.748,
time,blocking,2,200,10000,50,3,45,0,3.0849114900011045,2.1452,2.1233,0.116123,0.116123,0.0,5.4,0.0,932335.0,0.749,0.748,
time,blocking,2,200,10000,50,4,46,0,3.206617185998766,2.0528,2.0325,0.026945,0.026945,0.0,1.3,0.0,974263.0,0.749,0.759,
time,blocking,2,200,10000,50,5,47,0,3.1428162929987593,2.137,2.1111,0.051485,0.051485,0.0,2.4,0.0,935910.0,0.75,0.752,
time,blocking,2,200,10000,200,1,43,0,6.953947579000669,2.18,2.1447,0.046331,0.046331,0.0,2.1,0.0,917412.0,0.846,0.493,0.0
time,blocking,2,200,10000,200,2,44,0,3.018100348999724,2.1102,2.0865,0.073733,0.073733,0.0,3.5,0.0,947780.0,0.844,0.498,
time,blocking,2,200,10000,200,3,45,0,3.026620428998285,2.0883,2.0669,0.086939,0.086939,0.0,4.2,0.0,957696.0,0.842,0.489,
time,blocking,2,200,10000,200,4,46,0,3.075355272001616,2.0316,2.0124,0.139291,0.139291,0.0,6.9,0.0,984436.0,0.851,0.5,
time,blocking,2,200,10000,200,5,47,0,2.907439295999211,1.9393,1.8748,0.061021,0.061021,0.0,3.1,0.0,1031301.0,0.844,0.495,
time,blocking,2,500,10000,50,1,43,0,15.776596903000609,4.7194,4.6633,0.07872,0.07872,0.0,1.7,0.0,1059449.0,0.753,0.751,0.0
time,blocking,2,500,10000,50,2,44,0,6.6861619310002425,5.0876,5.017,0.107443,0.107443,0.0,2.1,0.0,982786.0,0.748,0.747,
time,blocking,2,500,10000,50,3,45,0,6.36516109600052,4.7528,4.6824,0.04318,0.04318,0.0,0.9,0.0,1052006.0,0.75,0.75,
time,blocking,2,500,10000,50,4,46,0,6.566020832000504,4.9464,4.8842,0.074085,0.074085,0.0,1.5,0.0,1010836.0,0.75,0.751,
time,blocking,2,500,10000,50,5,47,0,6.35954446499818,4.8442,4.7813,0.086552,0.086552,0.0,1.8,0.0,1032171.0,0.749,0.75,
time,blocking,2,500,10000,200,1,43,0,16.57917040299799,5.192,5.1108,0.199854,0.199854,0.0,3.8,0.0,963020.0,0.846,0.494,0.0
time,blocking,2,500,10000,200,2,44,0,6.452906029000587,4.9628,4.8717,0.174509,0.174509,0.0,3.5,0.0,1007500.0,0.845,0.492,
time,blocking,2,500,10000,200,3,45,0,6.209971229000075,4.713,4.6547,0.247418,0.247418,0.0,5.2,0.0,1060886.0,0.846,0.494,
time,blocking,2,500,10000,200,4,46,0,6.339803972001391,4.7659,4.7044,0.356461,0.356461,0.0,7.5,0.0,1049111.0,0.841,0.492,
time,blocking,2,500,10000,200,5,47,0,6.475244826000562,5.0482,4.9882,0.346329,0.346329,0.0,6.9,0.0,990454.0,0.845,0.493,
time,blocking,4,50,10000,50,1,43,0,2.1290510699982406,0.3407,0.3368,0.074132,0.074132,0.0,21.8,0.0,1467370.0,0.761,0.755,0.0
time,blocking,4,50,10000,50,2,44,0,1.1300634760009416,0.3704,0.3659,0.07588,0.07588,0.0,20.5,0.0,1349973.0,0.751,0.76,
time,blocking,4,50,10000,50,3,45,0,1.1059905830006755,0.3108,0.3057,0.047014,0.047014,0.0,15.1,0.0,1608746.0,0.747,0.749,
time,blocking,4,50,10000,50,4,46,0,1.2404773850030324,0.4344,0.4282,0.18076,0.18076,0.0,41.6,0.0,1150991.0,0.756,0.763,
time,blocking,4,50,10000,50,5,47,0,1.1211394490019302,0.353,0.3489,0.095226,0.095226,0.0,27.0,0.0,1416550.0,0.75,0.743,
time,blocking,4,50,10000,200,1,43,0,2.0104571990013937,0.3304,0.3257,0.094637,0.094637,0.0,28.6,0.0,1513434.0,0.839,0.485,0.0
time,blocking,4,50,10000,200,2,44,0,1.0489256150030997,0.3255,0.3203,0.064869,0.064869,0.0,19.9,0.0,1536065.0,0.841,0.495,
time,blocking,4,50,10000,200,3,45,0,1.101610895999329,0.3092,0.3045,0.034296,0.034296,0.0,11.1,0.0,1617057.0,0.845,0.5,
time,blocking,4,50,10000,200,4,46,0,1.216018664999865,0.4519,0.4313,0.107672,0.107672,0.0,23.8,0.0,1106557.0,0.85,0.505,
time,blocking,4,50,10000,200,5,47,0,1.1397475880003185,0.3419,0.3363,0.066774,0.066774,0.0,19.5,0.0,1462426.0,0.843,0.496,
time,blocking,4,200,10000,50,1,43,0,7.097638220002409,1.5089,1.3877,0.202546,0.202546,0.0,13.4,0.0,1325475.0,0.751,0.757,0.0
time,blocking,4,200,10000,50,2,44,0,2.8113427049975144,1.445,1.3978,0.144092,0.144092,0.0,10.0,0.0,1384105.0,0.748,0.748,
time,blocking,4,200,10000,50,3,45,0,2.77353741999832,1.2732,1.2319,0.095436,0.095436,0.0,7.5,0.0,1570841.0,0.749,0.748,
time,blocking,4,200,10000,50,4,46,0,2.9113147819989535,1.4689,1.419,0.131859,0.131859,0.0,9.0,0.0,1361538.0,0.749,0.759,
time,blocking,4,200,10000,50,5,47,0,2.570616968001559,1.3479,1.3158,0.178806,0.178806,0.0,13.3,0.0,1483785.0,0.75,0.752,
time,blocking,4,200,10000,200,1,43,0,9.722326341998269,1.4469,1.4098,0.213957,0.213957,0.0,14.8,0.0,1382273.0,0.846,0.493,0.0
time,blocking,4,200,10000,200,2,44,0,3.478791306999483,1.6028,1.5767,0.127739,0.127739,0.0,8.0,0.0,1247829.0,0.844,0.498,
time,blocking,4,200,10000,200,3,45,0,3.1685277110009338,1.5593,1.5124,0.191863,0.191863,0.0,12.3,0.0,1282616.0,0.842,0.489,
time,blocking,4,200,10000,200,4,46,0,3.431085370000801,1.9679,1.9446,0.187414,0.187414,0.0,9.5,0.0,1016328.0,0.851,0.5,
time,blocking,4,200,10000,200,5,47,0,3.620103752000432,2.1124,2.0861,0.192294,0.192294,0.0,9.1,0.0,946779.0,0.844,0.495,
time,blocking,4,500,10000,50,1,43,0,16.76047236500017,3.6312,3.5315,0.352545,0.352545,0.0,9.7,0.0,1376961.0,0.753,0.751,0.0
time,blocking,4,500,10000,50,2,44,0,5.903349729000183,3.5347,3.3446,0.452962,0.452962,0.0,12.8,0.0,1414542.0,0.748,0.747,
time,blocking,4,500,10000,50,3,45,0,5.7851607160009735,3.5517,3.4465,0.333341,0.333341,0.0,9.4,0.0,1407760.0,0.75,0.75,
time,blocking,4,500,10000,50,4,46,0,5.576048625000112,3.3447,3.2803,0.097727,0.097727,0.0,2.9,0.0,1494911.0,0.75,0.751,
time,blocking,4,500,10000,50,5,47,0,5.717659833000653,3.5024,3.3592,0.434141,0.434141,0.0,12.4,0.0,1427597.0,0.749,0.75,
time,blocking,4,500,10000,200,1,43,0,15.01487149699824,3.1279,3.0554,0.163421,0.163421,0.0,5.2,0.0,1598533.0,0.846,0.494,0.0
time,blocking,4,500,10000,200,2,44,0,5.361208803999034,3.2788,3.1391,0.33748,0.33748,0.0,10.3,0.0,1524965.0,0.845,0.492,
time,blocking,4,500,10000,200,3,45,0,5.753990511999291,3.5717,3.4285,0.777551,0.777551,0.0,21.8,0.0,1399902.0,0.846,0.494,
time,blocking,4,500,10000,200,4,46,0,6.237240408998332,4.0902,4.0101,0.777971,0.777971,0.0,19.0,0.0,1222420.0,0.841,0.492,
time,blocking,4,500,10000,200,5,47,0,5.276599004002492,3.2838,3.1807,0.357184,0.357184,0.0,10.9,0.0,1522646.0,0.845,0.493,
time,blocking,8,50,10000,50,1,43,0,2.5073681640024006,0.2564,0.248,0.032606,0.032606,0.0,12.7,0.0,1950411.0,0.761,0.755,0.0
time,blocking,8,50,10000,50,2,44,0,1.3254881649991148,0.2747,0.2673,0.087836,0.087836,0.0,32.0,0.0,1820185.0,0.751,0.76,
time,blocking,8,50,10000,50,3,45,0,1.466811977999896,0.2895,0.2805,0.066897,0.066897,0.0,23.1,0.0,1727030.0,0.747,0.749,
time,blocking,8,50,10000,50,4,46,0,1.4585476079992077,0.2458,0.2389,0.081314,0.081314,0.0,33.1,0.0,2034516.0,0.756,0.763,
time,blocking,8,50,10000,50,5,47,0,1.4019821959991532,0.2629,0.2568,0.065597,0.065597,0.0,24.9,0.0,1901604.0,0.75,0.743,
time,blocking,8,50,10000,200,1,43,0,2.3965223239974875,0.2503,0.2457,0.082581,0.082581,0.0,33.0,0.0,1997984.0,0.839,0.485,0.0
time,blocking,8,50,10000,200,2,44,0,1.4230298059992492,0.2878,0.2812,0.108401,0.108401,0.0,37.7,0.0,1737393.0,0.841,0.495,
time,blocking,8,50,10000,200,3,45,0,1.3749816859999555,0.2937,0.2866,0.079393,0.079393,0.0,27.0,0.0,1702575.0,0.845,0.5,
time,blocking,8,50,10000,200,4,46,0,1.2804412660007074,0.2727,0.2685,0.066094,0.066094,0.0,24.2,0.0,1833387.0,0.85,0.505,
time,blocking,8,50,10000,200,5,47,0,1.2675518590003776,0.2619,0.2546,0.073028,0.073028,0.0,27.9,0.0,1909168.0,0.843,0.496,
time,blocking,8,200,10000,50,1,43,0,7.934268005999911,0.9718,0.9493,0.147085,0.147085,0.0,15.1,0.0,2057964.0,0.751,0.757,0.0
time,blocking,8,200,10000,50,2,44,0,2.8190970690011454,1.0097,0.9889,0.114347,0.114347,0.0,11.3,0.0,1980770.0,0.748,0.748,
time,blocking,8,200,10000,50,3,45,0,2.9271330930023396,1.0012,0.9757,0.110288,0.110288,0.0,11.0,0.0,1997625.0,0.749,0.748,
time,blocking,8,200,10000,50,4,46,0,2.8359861229982926,0.9872,0.9578,0.1236,0.1236,0.0,12.5,0.0,2025841.0,0.749,0.759,
time,blocking,8,200,10000,50,5,47,0,2.5106272970006103,0.9393,0.9153,0.171701,0.171701,0.0,18.3,0.0,2129350.0,0.75,0.752,
time,blocking,8,200,10000,200,1,43,0,7.99648995300231,1.0132,0.9852,0.250666,0.250666,0.0,24.7,0.0,1973911.0,0.846,0.493,0.0
time,blocking,8,200,10000,200,2,44,0,2.7302317770008813,0.9635,0.9404,0.11441,0.11441,0.0,11.9,0.0,2075811.0,0.844,0.498,
time,blocking,8,200,10000,200,3,45,0,2.5795087509977748,0.8823,0.8605,0.07782,0.07782,0.0,8.8,0.0,2266917.0,0.842,0.489,
time,blocking,8,200,10000,200,4,46,0,2.5952931920000992,0.9735,0.9551,0.172766,0.172766,0.0,17.7,0.0,2054453.0,0.851,0.5,
time,blocking,8,200,10000,200,5,47,0,2.5614247919984336,0.9414,0.9188,0.14792,0.14792,0.0,15.7,0.0,2124412.0,0.844,0.495,
time,blocking,8,500,10000,50,1,43,0,20.475756216001173,2.959,2.7895,0.321509,0.321509,0.0,10.9,0.0,1689744.0,0.753,0.751,0.0
time,blocking,8,500,10000,50,2,44,0,8.066596681001101,2.596,2.4538,0.232528,0.232528,0.0,9.0,0.0,1926014.0,0.748,0.747,
time,blocking,8,500,10000,50,3,45,0,7.41168334500253,2.5247,2.4249,0.402946,0.402946,0.0,16.0,0.0,1980438.0,0.75,0.75,
time,blocking,8,500,10000,50,4,46,0,7.331206522001594,2.9417,2.8477,0.220652,0.220652,0.0,7.5,0.0,1699682.0,0.75,0.751,
time,blocking,8,500,10000,50,5,47,0,6.10588127000301,2.4146,2.3199,0.30324,0.30324,0.0,12.6,0.0,2070732.0,0.749,0.75,
time,blocking,8,500,10000,200,1,43,0,18.003669300000183,2.5606,2.4613,0.270398,0.270398,0.0,10.6,0.0,1952656.0,0.846,0.494,0.0
time,blocking,8,500,10000,200,2,44,0,6.141191138001886,2.5021,2.4125,0.423037,0.423037,0.0,16.9,0.0,1998309.0,0.845,0.492,
time,blocking,8,500,10000,200,3,45,0,5.721355443998618,2.5521,2.4473,0.486152,0.486152,0.0,19.0,0.0,1959138.0,0.846,0.494,
time,blocking,8,500,10000,200,4,46,0,5.892156287001853,2.4703,2.3723,0.502024,0.502024,0.0,20.3,0.0,2024072.0,0.841,0.492,
time,blocking,8,500,10000,200,5,47,0,6.206081031999929,2.8434,2.7388,0.633798,0.633798,0.0,22.3,0.0,1758436.0,0.845,0.493,
time,nonblocking,1,50,10000,50,1,43,0,2.515872928997851,0.8275,0.8232,0.000248,0.000184,6.4e-05,0.0,0.823162,604214.0,0.761,0.755,0.0
time,nonblocking,1,50,10000,50,2,44,0,1.4457510499996715,0.7726,0.7692,0.000216,0.00017,4.6e-05,0.0,0.769167,647158.0,0.751,0.76,
time,nonblocking,1,50,10000,50,3,45,0,1.3939972769985616,0.7725,0.769,0.000186,0.000141,4.5e-05,0.0,0.768971,647273.0,0.747,0.749,
time,nonblocking,1,50,10000,50,4,46,0,1.4359842729973025,0.7878,0.7848,0.000177,0.000133,4.4e-05,0.0,0.78477,634683.0,0.756,0.763,
time,nonblocking,1,50,10000,50,5,47,0,1.4312333919988305,0.7769,0.7735,0.000202,0.000159,4.3e-05,0.0,0.773488,643547.0,0.75,0.743,
time,nonblocking,1,50,10000,200,1,43,0,2.355179890997533,0.763,0.7591,0.000206,0.000156,5.1e-05,0.0,0.759077,655346.0,0.839,0.485,0.0
time,nonblocking,1,50,10000,200,2,44,0,1.5670750880017295,0.8162,0.8115,0.000195,0.000141,5.4e-05,0.0,0.811502,612584.0,0.841,0.495,
time,nonblocking,1,50,10000,200,3,45,0,1.5194914570020046,0.8517,0.8484,0.000182,0.000136,4.5e-05,0.0,0.848396,587034.0,0.845,0.5,
time,nonblocking,1,50,10000,200,4,46,0,1.505857639000169,0.8285,0.8242,0.000352,0.000292,6e-05,0.0,0.824223,603531.0,0.85,0.505,
time,nonblocking,1,50,10000,200,5,47,0,2.2778590470006748,1.2147,1.2059,0.000372,0.000281,9.1e-05,0.0,1.205885,411610.0,0.843,0.496,
time,nonblocking,1,200,10000,50,1,43,0,7.545435808999173,3.15,3.1343,0.000215,0.000172,4.3e-05,0.0,3.134307,634918.0,0.751,0.757,0.0
time,nonblocking,1,200,10000,50,2,44,0,4.291418991997489,3.3953,3.3749,0.000292,0.000234,5.8e-05,0.0,3.374878,589054.0,0.748,0.748,
time,nonblocking,1,200,10000,50,3,45,0,4.571342473002005,3.4705,3.4411,0.000537,0.000418,0.00012,0.0,3.44107,576287.0,0.749,0.748,
time,nonblocking,1,200,10000,50,4,46,0,4.385186928000621,3.4711,3.4514,0.000583,0.000535,4.8e-05,0.0,3.451376,576188.0,0.749,0.759,
time,nonblocking,1,200,10000,50,5,47,0,3.931536412001151,3.0779,3.0642,0.00019,0.000145,4.5e-05,0.0,3.064158,649796.0,0.75,0.752,
time,nonblocking,1,200,10000,200,1,43,0,7.693197770000552,3.2043,3.1899,0.000191,0.000148,4.4e-05,0.0,3.189931,624158.0,0.846,0.493,0.0
time,nonblocking,1,200,10000,200,2,44,0,4.079302245998406,3.2279,3.2121,0.000196,0.000153,4.2e-05,0.0,3.21214,619603.0,0.844,0.498,
time,nonblocking,1,200,10000,200,3,45,0,3.945160565999686,3.1171,3.0985,0.000245,0.000195,5e-05,0.0,3.098548,641621.0,0.842,0.489,
time,nonblocking,1,200,10000,200,4,46,0,4.227561382998829,3.381,3.3653,0.000237,0.000191,4.5e-05,0.0,3.365299,591541.0,0.851,0.5,
time,nonblocking,1,200,10000,200,5,47,0,4.2735914980003145,3.4011,3.3843,0.000224,0.00017,5.4e-05,0.0,3.384341,588050.0,0.844,0.495,
time,nonblocking,1,500,10000,50,1,43,0,18.479233064001164,8.0743,8.028,0.000193,0.000136,5.6e-05,0.0,8.027955,619247.0,0.753,0.751,0.0
time,nonblocking,1,500,10000,50,2,44,0,9.246008607999102,7.9852,7.9339,0.000207,0.000152,5.4e-05,0.0,7.933947,626158.0,0.748,0.747,
time,nonblocking,1,500,10000,50,3,45,0,9.645730708998599,8.3911,8.3379,0.000184,0.000139,4.4e-05,0.0,8.337896,595868.0,0.75,0.75,
time,nonblocking,1,500,10000,50,4,46,0,9.669765203998395,8.2304,8.1783,0.000385,0.000333,5.2e-05,0.0,8.178262,607501.0,0.75,0.751,
time,nonblocking,1,500,10000,50,5,47,0,9.663793232000899,8.313,8.2621,0.000205,0.000162,4.3e-05,0.0,8.262104,601466.0,0.749,0.75,
time,nonblocking,1,500,10000,200,1,43,0,19.03665830400132,8.6586,8.6091,0.000191,0.000144,4.8e-05,0.0,8.609091,577463.0,0.846,0.494,0.0
time,nonblocking,1,500,10000,200,2,44,0,9.653205692000483,8.3374,8.2876,0.000228,0.000172,5.6e-05,0.0,8.287646,599708.0,0.845,0.492,
time,nonblocking,1,500,10000,200,3,45,0,9.970835596999677,8.6075,8.5521,0.000261,0.000207,5.4e-05,0.0,8.55208,580888.0,0.846,0.494,
time,nonblocking,1,500,10000,200,4,46,0,10.41028577399993,9.0649,9.0075,0.000233,0.000187,4.7e-05,0.0,9.007458,551580.0,0.841,0.492,
time,nonblocking,1,500,10000,200,5,47,0,9.746004857999651,8.1559,8.1082,0.000193,0.000147,4.5e-05,0.0,8.108152,613056.0,0.845,0.493,
time,nonblocking,2,50,10000,50,1,43,0,2.1032611430018733,0.458,0.4538,0.007688,0.000154,0.007534,1.7,0.453793,1091782.0,0.761,0.755,0.0
time,nonblocking,2,50,10000,50,2,44,0,1.4284894800002803,0.5805,0.574,0.000272,0.000183,9.9e-05,0.0,0.574033,861292.0,0.751,0.76,
time,nonblocking,2,50,10000,50,3,45,0,1.0965290860003734,0.4605,0.4568,0.000537,0.000134,0.000402,0.1,0.456776,1085680.0,0.747,0.749,
time,nonblocking,2,50,10000,50,4,46,0,1.0753177970000252,0.433,0.4294,0.00021,0.000143,9.8e-05,0.0,0.429384,1154706.0,0.756,0.763,
time,nonblocking,2,50,10000,50,5,47,0,1.1184124600003997,0.4742,0.4704,0.000206,0.000124,9.7e-05,0.0,0.470403,1054511.0,0.75,0.743,
time,nonblocking,2,50,10000,200,1,43,0,1.9853437030033092,0.4925,0.4887,0.000199,0.000113,8.9e-05,0.0,0.488692,1015171.0,0.839,0.485,0.0
time,nonblocking,2,50,10000,200,2,44,0,1.0763973010034533,0.4309,0.4269,0.000203,0.00012,0.000101,0.0,0.426883,1160408.0,0.841,0.495,
time,nonblocking,2,50,10000,200,3,45,0,1.2799892149996595,0.587,0.5827,0.000219,0.000125,0.000101,0.0,0.582654,851769.0,0.845,0.5,
time,nonblocking,2,50,10000,200,4,46,0,1.1544353579993185,0.5098,0.5056,0.00147,0.000133,0.001337,0.3,0.505627,980839.0,0.85,0.505,
time,nonblocking,2,50,10000,200,5,47,0,1.1360979589990166,0.4919,0.4872,0.000237,0.000141,9.6e-05,0.0,0.487189,1016510.0,0.843,0.496,
time,nonblocking,2,200,10000,50,1,43,0,6.622904968000512,1.8701,1.8545,0.000224,0.000148,8.9e-05,0.0,1.854504,1069448.0,0.751,0.757,0.0
time,nonblocking,2,200,10000,50,2,44,0,2.940499702002853,1.9041,1.8851,0.066508,0.000312,0.066195,3.5,1.885147,1050373.0,0.748,0.748,
time,nonblocking,2,200,10000,50,3,45,0,2.908943744998396,2.0486,2.0327,0.000246,0.000175,0.0001,0.0,2.032672,976284.0,0.749,0.748,
time,nonblocking,2,200,10000,50,4,46,0,2.6779187569991336,1.7984,1.7813,0.000321,0.000214,0.00011,0.0,1.781345,1112100.0,0.749,0.759,
time,nonblocking,2,200,10000,50,5,47,0,2.6776914399997622,1.7879,1.768,0.060159,0.00022,0.059938,3.4,1.768017,1118627.0,0.75,0.752,
time,nonblocking,2,200,10000,200,1,43,0,6.253983316000813,1.908,1.8932,0.000232,0.000147,0.000107,0.0,1.893189,1048219.0,0.846,0.493,0.0
time,nonblocking,2,200,10000,200,2,44,0,3.027124492000439,2.0914,2.0741,0.000233,0.000131,0.000108,0.0,2.074132,956308.0,0.844,0.498,
time,nonblocking,2,200,10000,200,3,45,0,2.626721606000501,1.7461,1.731,0.000258,0.000134,0.000125,0.0,1.730984,1145422.0,0.842,0.489,
time,nonblocking,2,200,10000,200,4,46,0,2.6522449330004747,1.7842,1.7679,0.000265,0.000171,9.9e-05,0.0,1.767898,1120942.0,0.851,0.5,
time,nonblocking,2,200,10000,200,5,47,0,2.705589328001224,1.821,1.8038,0.000341,0.000273,0.000126,0.0,1.803807,1098326.0,0.844,0.495,
time,nonblocking,2,500,10000,50,1,43,0,19.229244567999558,5.0793,5.0305,0.000259,0.000156,0.000103,0.0,5.030549,984388.0,0.753,0.751,0.0
time,nonblocking,2,500,10000,50,2,44,0,8.130197357997531,5.5577,5.5019,0.000268,0.000168,9.9e-05,0.0,5.501895,899650.0,0.748,0.747,
time,nonblocking,2,500,10000,50,3,45,0,7.155469997000182,5.2594,5.2,0.000395,0.000265,0.000186,0.0,5.199955,950673.0,0.75,0.75,
time,nonblocking,2,500,10000,50,4,46,0,6.739046515001974,5.0322,4.9605,0.134216,0.000231,0.133985,2.7,4.96046,993603.0,0.75,0.751,
time,nonblocking,2,500,10000,50,5,47,0,7.006914834000781,5.2548,5.2036,0.000247,0.000139,0.00012,0.0,5.203564,951512.0,0.749,0.75,
time,nonblocking,2,500,10000,200,1,43,0,17.972830450999027,5.1054,5.0421,0.000343,0.00022,0.000123,0.0,5.042132,979358.0,0.846,0.494,0.0
time,nonblocking,2,500,10000,200,2,44,0,7.056182518001151,5.2948,5.2406,0.000279,0.000149,0.00013,0.0,5.240556,944327.0,0.845,0.492,
time,nonblocking,2,500,10000,200,3,45,0,7.092542626000068,5.3956,5.3405,0.00048,0.000214,0.000265,0.0,5.340543,926680.0,0.846,0.494,
time,nonblocking,2,500,10000,200,4,46,0,6.804983646998153,4.9672,4.903,0.000534,0.00042,0.000115,0.0,4.903043,1006595.0,0.841,0.492,
time,nonblocking,2,500,10000,200,5,47,0,7.038130655000714,5.3681,5.3114,0.000443,0.00025,0.000193,0.0,5.311416,931429.0,0.845,0.493,
time,nonblocking,4,50,10000,50,1,43,0,2.3425284779987123,0.3669,0.362,0.079788,0.000212,0.079576,21.7,0.361979,1362882.0,0.761,0.755,0.0
time,nonblocking,4,50,10000,50,2,44,0,1.1557738520023122,0.3514,0.3472,0.05708,0.00017,0.056987,16.2,0.347165,1422859.0,0.751,0.76,
time,nonblocking,4,50,10000,50,3,45,0,1.305786334000004,0.3501,0.3454,0.033668,0.000229,0.033486,9.6,0.345386,1428238.0,0.747,0.749,
time,nonblocking,4,50,10000,50,4,46,0,1.2156720050006697,0.3566,0.3494,0.053215,0.000535,0.05268,14.9,0.349444,1401973.0,0.756,0.763,
time,nonblocking,4,50,10000,50,5,47,0,1.2580109810005524,0.4079,0.3978,0.089426,0.000368,0.089281,21.9,0.397755,1225901.0,0.75,0.743,
time,nonblocking,4,50,10000,200,1,43,0,2.392569582003489,0.4465,0.4391,0.152046,0.000171,0.151875,34.1,0.43914,1119757.0,0.839,0.485,0.0
time,nonblocking,4,50,10000,200,2,44,0,1.2243821619995288,0.3748,0.3697,0.091195,0.00021,0.091027,24.3,0.369696,1333923.0,0.841,0.495,
time,nonblocking,4,50,10000,200,3,45,0,1.164970944999368,0.3572,0.3336,0.051105,0.000143,0.051024,14.3,0.333591,1399934.0,0.845,0.5,
time,nonblocking,4,50,10000,200,4,46,0,1.1257744779977656,0.3489,0.3437,0.061898,0.000202,0.061708,17.7,0.343717,1432913.0,0.85,0.505,
time,nonblocking,4,50,10000,200,5,47,0,1.2694006679994345,0.4252,0.403,0.083013,0.000499,0.082618,19.5,0.403006,1175980.0,0.843,0.496,
time,nonblocking,4,200,10000,50,1,43,0,7.305417241001123,1.3665,1.3075,0.104052,0.000231,0.10382,7.6,1.307461,1463581.0,0.751,0.757,0.0
time,nonblocking,4,200,10000,50,2,44,0,2.468570342000021,1.1908,1.168,0.054719,0.00023,0.054597,4.6,1.167951,1679601.0,0.748,0.748,
time,nonblocking,4,200,10000,50,3,45,0,2.700097975997778,1.5258,1.5035,0.055573,0.00017,0.05542,3.6,1.503535,1310830.0,0.749,0.748,
time,nonblocking,4,200,10000,50,4,46,0,2.618416311001056,1.3703,1.3535,0.05615,0.000155,0.056027,4.1,1.353493,1459519.0,0.749,0.759,
time,nonblocking,4,200,10000,50,5,47,0,3.079693550000229,1.5218,1.4911,0.179292,0.000447,0.179043,11.8,1.491056,1314254.0,0.75,0.752,
time,nonblocking,4,200,10000,200,1,43,0,6.974089792001905,1.2727,1.2142,0.133535,0.000257,0.133414,10.5,1.214164,1571474.0,0.846,0.493,0.0
time,nonblocking,4,200,10000,200,2,44,0,2.772628930000792,1.3997,1.3678,0.104286,0.000312,0.104022,7.5,1.367847,1428925.0,0.844,0.498,
time,nonblocking,4,200,10000,200,3,45,0,2.7450941940005578,1.4301,1.4062,0.067939,0.000181,0.067781,4.8,1.406181,1398464.0,0.842,0.489,
time,nonblocking,4,200,10000,200,4,46,0,2.7914425889975973,1.4129,1.3936,0.187062,0.000335,0.186728,13.2,1.393596,1415501.0,0.851,0.5,
time,nonblocking,4,200,10000,200,5,47,0,2.873779025001568,1.3817,1.3574,0.133107,0.00021,0.132898,9.6,1.357391,1447537.0,0.844,0.495,
time,nonblocking,4,500,10000,50,1,43,0,17.602694454999437,3.5375,3.4558,0.10461,0.000222,0.104436,3.0,3.455797,1413434.0,0.753,0.751,0.0
time,nonblocking,4,500,10000,50,2,44,0,5.965871878997859,3.8662,3.774,0.086054,0.000285,0.085903,2.2,3.773962,1293253.0,0.748,0.747,
time,nonblocking,4,500,10000,50,3,45,0,6.204785117999563,3.546,3.4472,0.052395,0.001364,0.051819,1.5,3.447191,1410042.0,0.75,0.75,
time,nonblocking,4,500,10000,50,4,46,0,6.333704961001786,3.7447,3.6546,0.434137,0.000325,0.433891,11.6,3.654615,1335232.0,0.75,0.751,
time,nonblocking,4,500,10000,50,5,47,0,7.047356750998006,3.9527,3.8287,0.3881,0.000387,0.387733,9.8,3.828744,1264952.0,0.749,0.75,
time,nonblocking,4,500,10000,200,1,43,0,19.352494235998165,4.1469,4.0381,0.532257,0.000481,0.532107,12.8,4.038101,1205725.0,0.846,0.494,0.0
time,nonblocking,4,500,10000,200,2,44,0,7.121244309000758,4.4556,4.3663,0.36591,0.000851,0.36506,8.2,4.366341,1122173.0,0.845,0.492,
time,nonblocking,4,500,10000,200,3,45,0,6.358932695999101,3.7795,3.6605,0.526809,0.000192,0.52666,13.9,3.660547,1322929.0,0.846,0.494,
time,nonblocking,4,500,10000,200,4,46,0,5.313166607997118,3.2819,3.2152,0.37155,0.000217,0.371449,11.3,3.215159,1523509.0,0.841,0.492,
time,nonblocking,4,500,10000,200,5,47,0,5.322804395000276,3.2801,3.2004,0.164954,0.000231,0.164847,5.0,3.200443,1524350.0,0.845,0.493,
time,nonblocking,8,50,10000,50,1,43,0,2.5078086409994285,0.2875,0.2798,0.048337,0.00023,0.048253,16.8,0.279834,1739162.0,0.761,0.755,0.0
time,nonblocking,8,50,10000,50,2,44,0,1.2603702689993952,0.273,0.2688,0.081029,0.000542,0.080956,29.7,0.268793,1831837.0,0.751,0.76,
time,nonblocking,8,50,10000,50,3,45,0,1.3074355800017656,0.2621,0.2556,0.101008,0.000172,0.100894,38.5,0.255589,1907605.0,0.747,0.749,
time,nonblocking,8,50,10000,50,4,46,0,1.5474434239986294,0.241,0.2319,0.049406,0.000295,0.04919,20.5,0.231946,2074460.0,0.756,0.763,
time,nonblocking,8,50,10000,50,5,47,0,1.262276990000828,0.2315,0.2248,0.050891,0.000239,0.050775,22.0,0.224803,2160081.0,0.75,0.743,
time,nonblocking,8,50,10000,200,1,43,0,2.4018624249983986,0.2398,0.2336,0.063143,0.000147,0.063076,26.3,0.233582,2085385.0,0.839,0.485,0.0
time,nonblocking,8,50,10000,200,2,44,0,1.3012327600008575,0.2724,0.2655,0.076234,0.000184,0.076149,28.0,0.265454,1835427.0,0.841,0.495,
time,nonblocking,8,50,10000,200,3,45,0,1.2187571540016506,0.2497,0.2438,0.096653,0.000118,0.096593,38.7,0.243804,2002257.0,0.845,0.5,
time,nonblocking,8,50,10000,200,4,46,0,1.2416059460010729,0.2529,0.2465,0.070642,0.000235,0.070455,27.9,0.246539,1977192.0,0.85,0.505,
time,nonblocking,8,50,10000,200,5,47,0,1.2171211629975005,0.247,0.2424,0.051274,0.000179,0.051154,20.8,0.242381,2024687.0,0.843,0.496,
time,nonblocking,8,200,10000,50,1,43,0,7.198144744001183,0.9456,0.9223,0.100854,0.000232,0.100779,10.7,0.922347,2115061.0,0.751,0.757,0.0
time,nonblocking,8,200,10000,50,2,44,0,2.693506706997141,0.9925,0.977,0.23535,0.000266,0.235214,23.7,0.976972,2015190.0,0.748,0.748,
time,nonblocking,8,200,10000,50,3,45,0,2.6987710000030347,0.9687,0.9506,0.116635,0.00024,0.116395,12.0,0.950623,2064686.0,0.749,0.748,
time,nonblocking,8,200,10000,50,4,46,0,2.671729346002394,0.9475,0.9275,0.072888,0.000305,0.072799,7.7,0.92754,2110866.0,0.749,0.759,
time,nonblocking,8,200,10000,50,5,47,0,2.6581672629981767,0.9348,0.911,0.164147,0.00021,0.164056,17.6,0.911006,2139543.0,0.75,0.752,
time,nonblocking,8,200,10000,200,1,43,0,7.206546828001592,0.9591,0.9347,0.185783,0.000179,0.185667,19.4,0.934727,2085252.0,0.846,0.493,0.0
time,nonblocking,8,200,10000,200,2,44,0,2.700023635999969,0.9528,0.9336,0.161718,0.000473,0.16164,17.0,0.933568,2099112.0,0.844,0.498,
time,nonblocking,8,200,10000,200,3,45,0,2.4984227549975913,0.9375,0.9214,0.156957,0.000293,0.156869,16.7,0.921421,2133220.0,0.842,0.489,
time,nonblocking,8,200,10000,200,4,46,0,2.6818168319987308,1.0522,1.031,0.315146,0.000183,0.315077,30.0,1.031011,1900844.0,0.851,0.5,
time,nonblocking,8,200,10000,200,5,47,0,2.691772312999092,1.0132,0.9856,0.156604,0.000326,0.156399,15.5,0.985614,1973904.0,0.844,0.495,
time,nonblocking,8,500,10000,50,1,43,0,18.008723328999622,2.3535,2.2512,0.142265,0.000624,0.142034,6.0,2.251161,2124498.0,0.753,0.751,0.0
time,nonblocking,8,500,10000,50,2,44,0,5.540978057997563,2.3398,2.2487,0.243745,0.00028,0.24368,10.4,2.248674,2136944.0,0.748,0.747,
time,nonblocking,8,500,10000,50,3,45,0,5.655239239000366,2.4432,2.3695,0.14463,0.000159,0.144471,5.9,2.369544,2046484.0,0.75,0.75,
time,nonblocking,8,500,10000,50,4,46,0,5.538498465000885,2.3583,2.2789,0.127555,0.000317,0.127331,5.4,2.278867,2120191.0,0.75,0.751,
time,nonblocking,8,500,10000,50,5,47,0,6.110508485999162,2.4086,2.3196,0.226747,0.000473,0.226438,9.4,2.319599,2075921.0,0.749,0.75,
time,nonblocking,8,500,10000,200,1,43,0,18.28924127100254,2.5851,2.4885,0.427653,0.00027,0.42756,16.5,2.488454,1934186.0,0.846,0.494,0.0
time,nonblocking,8,500,10000,200,2,44,0,7.5322455470013665,3.4194,3.2811,0.448157,0.000319,0.447886,13.1,3.281093,1462249.0,0.845,0.492,
time,nonblocking,8,500,10000,200,3,45,0,8.15062335499897,3.0125,2.8547,0.417354,0.003698,0.415189,13.9,2.854745,1659745.0,0.846,0.494,
time,nonblocking,8,500,10000,200,4,46,0,8.114579643999605,3.1933,3.0903,0.472503,0.000309,0.472367,14.8,3.09033,1565766.0,0.841,0.492,
time,nonblocking,8,500,10000,200,5,47,0,7.484472258998721,2.7352,2.6185,0.458482,0.001507,0.45729,16.8,2.618471,1828052.0,0.845,0.493,
