partition,comm,processes,sensors,readings,window,median_wall_time,iqr_wall_time,speedup,efficiency,mean_comm_share_pct,median_comm_issue_time,median_comm_wait_time,median_overlap_compute_time,max_mismatches,mean_precision,mean_recall,n_trials
sensor,blocking,1,50,10000,50,0.7886,0.0246,1.12,1.12,0.0,0.00016,0.0,0.0,0.0,0.753,0.754,5
sensor,blocking,2,50,10000,50,0.4163,0.0101,2.121,1.061,4.58,0.02202,0.0,0.0,0.0,0.753,0.754,5
sensor,blocking,4,50,10000,50,0.3513,0.03,2.514,0.628,21.18,0.07575,0.0,0.0,0.0,0.753,0.754,5
sensor,blocking,8,50,10000,50,0.2947,0.0171,2.996,0.375,37.32,0.11488,0.0,0.0,0.0,0.753,0.754,5
sensor,blocking,1,50,10000,200,0.7944,0.012,1.112,1.112,0.0,0.00017,0.0,0.0,0.0,0.844,0.496,5
sensor,blocking,2,50,10000,200,0.4116,0.01,2.147,1.073,1.7,0.00542,0.0,0.0,0.0,0.844,0.496,5
sensor,blocking,4,50,10000,200,0.3667,0.0283,2.409,0.602,28.78,0.09287,0.0,0.0,0.0,0.844,0.496,5
sensor,blocking,8,50,10000,200,0.2813,0.0142,3.141,0.393,34.18,0.09286,0.0,0.0,0.0,0.844,0.496,5
sensor,blocking,1,200,10000,50,3.2112,0.0587,1.084,1.084,0.0,0.00017,0.0,0.0,0.0,0.749,0.753,5
sensor,blocking,2,200,10000,50,1.7819,0.0209,1.953,0.976,2.98,0.06745,0.0,0.0,0.0,0.749,0.753,5
sensor,blocking,4,200,10000,50,1.3661,0.0539,2.547,0.637,16.24,0.21936,0.0,0.0,0.0,0.749,0.753,5
sensor,blocking,8,200,10000,50,1.012,0.0555,3.439,0.43,27.3,0.3094,0.0,0.0,0.0,0.749,0.753,5
sensor,blocking,1,200,10000,200,3.1018,0.0844,1.136,1.136,0.0,0.00015,0.0,0.0,0.0,0.845,0.495,5
sensor,blocking,2,200,10000,200,1.7526,0.0412,2.01,1.005,2.08,0.02358,0.0,0.0,0.0,0.845,0.495,5
sensor,blocking,4,200,10000,200,1.314,0.0676,2.681,0.67,15.24,0.16188,0.0,0.0,0.0,0.845,0.495,5
sensor,blocking,8,200,10000,200,1.0334,0.0299,3.408,0.426,21.98,0.20463,0.0,0.0,0.0,0.845,0.495,5
sensor,blocking,1,500,10000,50,8.2232,0.0815,1.086,1.086,0.0,0.00026,0.0,0.0,0.0,0.75,0.75,5
sensor,blocking,2,500,10000,50,4.7351,0.1898,1.886,0.943,2.08,0.07432,0.0,0.0,0.0,0.75,0.75,5
sensor,blocking,4,500,10000,50,3.6151,0.0581,2.47,0.617,11.72,0.46152,0.0,0.0,0.0,0.75,0.75,5
sensor,blocking,8,500,10000,50,2.6246,0.1236,3.402,0.425,12.46,0.30485,0.0,0.0,0.0,0.75,0.75,5
sensor,blocking,1,500,10000,200,7.8924,0.2266,1.116,1.116,0.0,0.00019,0.0,0.0,0.0,0.845,0.493,5
sensor,blocking,2,500,10000,200,4.7908,0.2681,1.839,0.919,3.2,0.1797,0.0,0.0,0.0,0.845,0.493,5
sensor,blocking,4,500,10000,200,3.376,0.0863,2.61,0.652,12.5,0.40478,0.0,0.0,0.0,0.845,0.493,5
sensor,blocking,8,500,10000,200,2.682,0.2203,3.285,0.411,12.28,0.37153,0.0,0.0,0.0,0.845,0.493,5
sensor,nonblocking,1,50,10000,50,0.9205,0.0815,0.959,0.959,0.0,0.00024,6e-05,0.916,0.0,0.753,0.754,5
sensor,nonblocking,2,50,10000,50,0.4844,0.0663,1.823,0.911,0.3,0.00016,0.00021,0.4817,0.0,0.753,0.754,5
sensor,nonblocking,4,50,10000,50,0.4451,0.036,1.984,0.496,27.9,0.00021,0.15329,0.4199,0.0,0.753,0.754,5
sensor,nonblocking,8,50,10000,50,0.2704,0.0202,3.266,0.408,31.2,0.00037,0.08368,0.2541,0.0,0.753,0.754,5
sensor,nonblocking,1,50,10000,200,0.7841,0.0332,1.127,1.127,0.02,0.00018,4e-05,0.7809,0.0,0.844,0.496,5
sensor,nonblocking,2,50,10000,200,0.4358,0.0662,2.027,1.014,1.72,0.00018,0.0035,0.4331,0.0,0.844,0.496,5
sensor,nonblocking,4,50,10000,200,0.4061,0.1025,2.176,0.544,15.22,0.00025,0.04918,0.398,0.0,0.844,0.496,5
sensor,nonblocking,8,50,10000,200,0.2661,0.0128,3.32,0.415,25.14,0.00025,0.06879,0.2506,0.0,0.844,0.496,5
sensor,nonblocking,1,200,10000,50,3.2091,0.105,1.084,1.084,0.0,0.00015,4e-05,3.1942,0.0,0.749,0.753,5
sensor,nonblocking,2,200,10000,50,1.8624,0.0304,1.869,0.934,1.88,0.00023,0.00732,1.8509,0.0,0.749,0.753,5
sensor,nonblocking,4,200,10000,50,1.3404,0.0766,2.596,0.649,13.24,0.00029,0.18265,1.2805,0.0,0.749,0.753,5
sensor,nonblocking,8,200,10000,50,1.0528,0.0713,3.305,0.413,14.94,0.0005,0.18882,0.9827,0.0,0.749,0.753,5
sensor,nonblocking,1,200,10000,200,3.1485,0.0617,1.119,1.119,0.0,0.00016,5e-05,3.1333,0.0,0.845,0.495,5
sensor,nonblocking,2,200,10000,200,1.9774,0.1798,1.781,0.891,2.58,0.00026,0.04063,1.9657,0.0,0.845,0.495,5
sensor,nonblocking,4,200,10000,200,1.2962,0.2619,2.717,0.679,13.62,0.00038,0.17511,1.254,0.0,0.845,0.495,5
sensor,nonblocking,8,200,10000,200,1.0093,0.0312,3.49,0.436,14.76,0.00042,0.14403,0.9361,0.0,0.845,0.495,5
sensor,nonblocking,1,500,10000,50,8.442,0.0807,1.058,1.058,0.0,0.00016,4e-05,8.3878,0.0,0.75,0.75,5
sensor,nonblocking,2,500,10000,50,5.1391,0.2226,1.737,0.869,0.38,0.00028,0.0145,5.0682,0.0,0.75,0.75,5
sensor,nonblocking,4,500,10000,50,3.5038,0.5355,2.548,0.637,6.72,0.00049,0.26304,3.3916,0.0,0.75,0.75,5
sensor,nonblocking,8,500,10000,50,2.6405,0.2573,3.382,0.423,10.98,0.00076,0.31686,2.5483,0.0,0.75,0.75,5
sensor,nonblocking,1,500,10000,200,8.409,0.0423,1.048,1.048,0.0,0.00015,6e-05,8.3457,0.0,0.845,0.493,5
sensor,nonblocking,2,500,10000,200,4.9351,0.1636,1.785,0.893,1.86,0.00027,0.00025,4.8878,0.0,0.845,0.493,5
sensor,nonblocking,4,500,10000,200,3.4134,0.0798,2.581,0.645,5.68,0.00037,0.21756,3.2776,0.0,0.845,0.493,5
sensor,nonblocking,8,500,10000,200,2.7083,0.4732,3.253,0.407,10.64,0.00081,0.25931,2.563,0.0,0.845,0.493,5
time,blocking,1,50,10000,50,0.8928,0.0058,0.989,0.989,0.0,0.00019,0.0,0.0,0.0,0.753,0.754,5
time,blocking,2,50,10000,50,0.4654,0.0481,1.897,0.949,3.54,0.01556,0.0,0.0,0.0,0.753,0.754,5
time,blocking,4,50,10000,50,0.353,0.0297,2.501,0.625,25.2,0.07588,0.0,0.0,0.0,0.753,0.754,5
time,blocking,8,50,10000,50,0.2629,0.0183,3.359,0.42,25.16,0.0669,0.0,0.0,0.0,0.753,0.754,5
time,blocking,1,50,10000,200,0.909,0.0381,0.972,0.972,0.0,0.00016,0.0,0.0,0.0,0.844,0.496,5
time,blocking,2,50,10000,200,0.5281,0.0974,1.673,0.836,6.62,0.0327,0.0,0.0,0.0,0.844,0.496,5
time,blocking,4,50,10000,200,0.3304,0.0164,2.674,0.669,20.58,0.06677,0.0,0.0,0.0,0.844,0.496,5
time,blocking,8,50,10000,200,0.2727,0.0259,3.24,0.405,29.96,0.07939,0.0,0.0,0.0,0.844,0.496,5
time,blocking,1,200,10000,50,3.1459,0.1235,1.106,1.106,0.0,0.00016,0.0,0.0,0.0,0.749,0.753,5
time,blocking,2,200,10000,50,2.137,0.0924,1.628,0.814,3.36,0.07182,0.0,0.0,0.0,0.749,0.753,5
time,blocking,4,200,10000,50,1.445,0.121,2.408,0.602,10.64,0.14409,0.0,0.0,0.0,0.749,0.753,5
time,blocking,8,200,10000,50,0.9872,0.0294,3.525,0.441,13.64,0.1236,0.0,0.0,0.0,0.749,0.753,5
time,blocking,1,200,10000,200,3.1033,0.0148,1.135,1.135,0.0,0.00016,0.0,0.0,0.0,0.845,0.495,5
time,blocking,2,200,10000,200,2.0883,0.0786,1.687,0.843,3.96,0.07373,0.0,0.0,0.0,0.845,0.495,5
time,blocking,4,200,10000,200,1.6028,0.4086,2.198,0.549,10.74,0.19186,0.0,0.0,0.0,0.845,0.495,5
time,blocking,8,200,10000,200,0.9635,0.0321,3.656,0.457,15.76,0.14792,0.0,0.0,0.0,0.845,0.495,5
time,blocking,1,500,10000,50,7.7722,0.0426,1.149,1.149,0.0,0.00015,0.0,0.0,0.0,0.75,0.75,5
time,blocking,2,500,10000,50,4.8442,0.1936,1.843,0.922,1.6,0.07872,0.0,0.0,0.0,0.75,0.75,5
time,blocking,4,500,10000,50,3.5347,0.0493,2.526,0.632,9.44,0.35254,0.0,0.0,0.0,0.75,0.75,5
time,blocking,8,500,10000,50,2.596,0.417,3.44,0.43,11.2,0.30324,0.0,0.0,0.0,0.75,0.75,5
time,blocking,1,500,10000,200,7.9939,0.6186,1.102,1.102,0.0,0.00016,0.0,0.0,0.0,0.845,0.493,5
time,blocking,2,500,10000,200,4.9628,0.2823,1.775,0.888,5.38,0.24742,0.0,0.0,0.0,0.845,0.493,5
time,blocking,4,500,10000,200,3.2838,0.2929,2.683,0.671,13.44,0.35718,0.0,0.0,0.0,0.845,0.493,5
time,blocking,8,500,10000,200,2.5521,0.0585,3.452,0.431,17.82,0.48615,0.0,0.0,0.0,0.845,0.493,5
time,nonblocking,1,50,10000,50,0.7769,0.0152,1.137,1.137,0.0,0.00016,4e-05,0.7735,0.0,0.753,0.754,5
time,nonblocking,2,50,10000,50,0.4605,0.0162,1.917,0.959,0.36,0.00014,0.0001,0.4568,0.0,0.753,0.754,5
time,nonblocking,4,50,10000,50,0.3566,0.0155,2.476,0.619,16.86,0.00023,0.05699,0.3494,0.0,0.753,0.754,5
time,nonblocking,8,50,10000,50,0.2621,0.032,3.369,0.421,25.5,0.00024,0.05078,0.2556,0.0,0.753,0.754,5
time,nonblocking,1,50,10000,200,0.8285,0.0355,1.066,1.066,0.0,0.00016,5e-05,0.8242,0.0,0.844,0.496,5
time,nonblocking,2,50,10000,200,0.4925,0.0179,1.794,0.897,0.06,0.00012,0.0001,0.4887,0.0,0.844,0.496,5
time,nonblocking,4,50,10000,200,0.3748,0.068,2.357,0.589,21.98,0.0002,0.08262,0.3697,0.0,0.844,0.496,5
time,nonblocking,8,50,10000,200,0.2497,0.0059,3.538,0.442,28.34,0.00018,0.07046,0.2438,0.0,0.844,0.496,5
time,nonblocking,1,200,10000,50,3.3953,0.3205,1.025,1.025,0.0,0.00023,5e-05,3.3749,0.0,0.749,0.753,5
time,nonblocking,2,200,10000,50,1.8701,0.1057,1.861,0.93,1.38,0.00021,0.00011,1.8545,0.0,0.749,0.753,5
time,nonblocking,4,200,10000,50,1.3703,0.1553,2.54,0.635,6.34,0.00023,0.05603,1.3535,0.0,0.749,0.753,5
time,nonblocking,8,200,10000,50,0.9475,0.0231,3.673,0.459,14.34,0.00024,0.1164,0.9275,0.0,0.749,0.753,5
time,nonblocking,1,200,10000,200,3.2279,0.1767,1.091,1.091,0.0,0.00017,4e-05,3.2121,0.0,0.845,0.495,5
time,nonblocking,2,200,10000,200,1.821,0.1238,1.934,0.967,0.0,0.00015,0.00011,1.8038,0.0,0.845,0.495,5
time,nonblocking,4,200,10000,200,1.3997,0.0312,2.516,0.629,9.12,0.00026,0.1329,1.3678,0.0,0.845,0.495,5
time,nonblocking,8,200,10000,200,0.9591,0.0604,3.672,0.459,19.72,0.00029,0.16164,0.9347,0.0,0.845,0.495,5
time,nonblocking,1,500,10000,50,8.2304,0.2387,1.085,1.085,0.0,0.00015,5e-05,8.1783,0.0,0.75,0.75,5
time,nonblocking,2,500,10000,50,5.2548,0.1801,1.699,0.85,0.54,0.00017,0.00012,5.2,0.0,0.75,0.75,5
time,nonblocking,4,500,10000,50,3.7447,0.3202,2.384,0.596,5.62,0.00032,0.10444,3.6546,0.0,0.75,0.75,5
time,nonblocking,8,500,10000,50,2.3583,0.0551,3.786,0.473,7.42,0.00032,0.14447,2.2789,0.0,0.75,0.75,5
time,nonblocking,1,500,10000,200,8.6075,0.3212,1.023,1.023,0.0,0.00017,5e-05,8.5521,0.0,0.845,0.493,5
time,nonblocking,2,500,10000,200,5.2948,0.2627,1.664,0.832,0.0,0.00022,0.00013,5.2406,0.0,0.845,0.493,5
time,nonblocking,4,500,10000,200,3.7795,0.865,2.331,0.583,10.24,0.00023,0.37145,3.6605,0.0,0.845,0.493,5
time,nonblocking,8,500,10000,200,3.0125,0.4581,2.924,0.366,15.02,0.00032,0.44789,2.8547,0.0,0.845,0.493,5
